ticker,name,category_group,category,family,currency,exchange
AAA,AAF First Priority CLO Bond ETF,Fixed Income,Corporate Bonds,Exchange Traded Concepts,USD,PCX
AAAU,Goldman Sachs Physical Gold ETF,Commodities,Uncategorized,Goldman Sachs Asset Management,USD,PCX
AADR,AdvisorShares Dorsey Wright ADR ETF,Financials,Emerging Markets,AdvisorShares,USD,NMS
AAXJ,iShares MSCI All Country Asia ex Japan ETF,Financials,Emerging Markets,BlackRock Asset Management,USD,NMS
ABCS,Guggenheim ABC High Dividend ET,Financials,Uncategorized,Guggenheim,,PCX
ABEQ,Absolute Core Strategy ETF,Alternatives,Blend,Absolute Investment Advisers,USD,PCX
ACES,ALPS Clean Energy ETF,Energy,Energy,ALPS ETF Trust,USD,PCX
ACTV,LeaderShares Activist Leaders ETF,Financials,Growth,LeaderShares,USD,PCX
ACVF,American Conservative Values ETF,Financials,Value,ACV ETFs,USD,PCX
ACWF,iShares MSCI Global Multifactor ETF,Alternatives,Blend,BlackRock Asset Management,USD,PCX
ACWI,iShares MSCI ACWI ETF,Alternatives,Blend,BlackRock Asset Management,USD,NGM
ACWX,iShares MSCI ACWI ex U.S. ETF,Alternatives,Blend,BlackRock Asset Management,USD,NMS
ADIV,SmartETFs Asia Pacific Dividend Builder ETF,Financials,Developed Markets,SmartETFs,USD,PCX
ADRE,Invesco BLDRS Emerging Markets 50 ADR Index Fund,Financials,Emerging Markets,BNY Mellon,USD,NGM
AEB,Aegon N.V. PERP CAP FLTG RT,Fixed Income,Corporate Bonds,Aegon Investment Management,USD,NYQ
AFK,VanEck Vectors Africa Index ETF,Equities,Frontier Markets,VanEck Asset Management,USD,PCX
AFLG,First Trust Active Factor Large Cap ETF,Equities,Large Cap,First Trust Advisors,USD,PCX
AFSM,First Trust Active Factor Small Cap ETF,Equities,Small Cap,First Trust Advisors,USD,PCX
AFTY,Pacer CSOP FTSE China A50 ETF,Equities,Large Cap,Pacer,USD,PCX
AGG,iShares Core U.S. Aggregate Bond ETF,Fixed Income,Investment Grade Bonds,BlackRock Asset Management,USD,PCX
AGGY,WisdomTree Yield Enhanced U.S. Aggregate Bond Fund,Fixed Income,Investment Grade Bonds,WisdomTree Asset Management,USD,PCX
AGNG,Global X Aging Population ETF,Health Care,Developed Markets,Global X Funds,USD,NMS
AGQ,ProShares Ultra Silver,Commodities,Trading,ProShares,USD,PCX
AGZ,iShares Agency Bond ETF,Fixed Income,Government Bonds,BlackRock Asset Management,USD,PCX
AGZD,WisdomTree Interest Rate Hedged U.S. Aggregate Bond Fund,Fixed Income,Corporate Bonds,WisdomTree Asset Management,USD,NMS
AIA,iShares Asia 50 ETF,Financials,Emerging Markets,BlackRock Asset Management,USD,NMS
AIEQ,AI Powered Equity ETF,Financials,Factors,Equbot,USD,PCX
AIIQ,AI Powered International Equity ETF,Financials,Uncategorized,Equbot,USD,PCX
AIQ,Global X Artificial Intelligence & Technology ETF,Information Technology,Technology,Global X Funds,USD,NMS
AIRR,First Trust RBA American Industrial RenaissanceTM ETF,Industrials,Industrials,First Trust Advisors,USD,NGM
ALTL,Pacer Lunt Large Cap Alternator ETF,Financials,Large Cap,Pacer,USD,PCX
ALTY,Global X SuperDividend Alternatives ETF,Alternatives,Uncategorized,Global X Funds,USD,NGM
ALUM,Global X Aluminum ETF,Materials,Uncategorized,Global X Funds,USD,PCX
AMCA,iShares Russell 1000 Pure U.S. Revenue ETF,Uncategorized,Uncategorized,BlackRock Asset Management,USD,NGM
AMJ,JPMorgan Alerian MLP Index ETN,Equities,Energy,JPMorgan Asset Management,USD,PCX
AMLP,Alerian MLP ETF,Equities,Energy,ALPS ETF Trust,USD,PCX
AMNA,ETRACS Alerian Midstream Energy Index ETN,Uncategorized,Uncategorized,UBS Asset Management,USD,PCX
AMND,ETRACS Alerian Midstream Energy High Dividend Index ETN,Equities,Energy,UBS Asset Management,USD,PCX
AMOM,QRAFT AI-Enhanced U.S. Large Cap Momentum ETF,Equities,Factors,AdvisorShares,USD,PCX
AMUB,UBS ETRACS Alerian MLP Index ETN Series B,Equities,Energy,UBS Asset Management,USD,PCX
AMZA,InfraCap MLP ETF,Equities,Energy,Virtus,USD,PCX
ANEW,ProShares MSCI Transformational Changes ETF,Information Technology,Uncategorized,ProShares,USD,PCX
ANGL,VanEck Vectors Fallen Angel High Yield Bond ETF,Fixed Income,High Yield Bonds,VanEck Asset Management,USD,NMS
AOA,iShares Core Aggressive Allocation ETF,Alternatives,Equities,BlackRock Asset Management,USD,PCX
AOK,iShares Core Conservative Allocation ETF,Alternatives,Equities,BlackRock Asset Management,USD,PCX
AOM,iShares Core Moderate Allocation ETF,Alternatives,Equities,BlackRock Asset Management,USD,PCX
AOR,iShares Core Growth Allocation ETF,Alternatives,Equities,BlackRock Asset Management,USD,PCX
AQWA,Global X Clean Water ETF,Utilities,Materials,Global X Funds,USD,NMS
ARB,AltShares Merger Arbitrage ETF,Alternatives,Uncategorized,AltShares,USD,PCX
ARGT,Global X MSCI Argentina ETF,Financials,Emerging Markets,Global X Funds,USD,PCX
ARKF,ARK Fintech Innovation ETF,Financials,Technology,ARK ETF Trust,USD,PCX
ARKK,ARK Innovation ETF,Information Technology,Factors,ARK ETF Trust,USD,PCX
ARKW,ARK Next Generation Internet ETF,Information Technology,Technology,ARK ETF Trust,USD,PCX
ARMR,Armor US Equity Index ETF,Financials,Factors,Exchange Traded Concepts,USD,PCX
ASEA,Global X FTSE Southeast Asia ETF,Equities,Emerging Markets,Global X Funds,USD,PCX
ASET,FlexShares Real Assets Allocation Index Fund,Alternatives,Uncategorized,Flexshares Trust,USD,NGM
ASHR,Xtrackers Harvest CSI 300 China A-Shares ETF,Equities,Emerging Markets,Xtrackers,USD,PCX
ASHS,Xtrackers Harvest CSI 500 China-A Shares Small Cap ETF,Equities,Small Cap,Xtrackers,USD,PCX
ASHX,Xtrackers MSCI China A Inclusion Equity ETF,Equities,Uncategorized,Xtrackers,USD,PCX
ASPY,ASYMshares ASYMmetric 500 ETF,Equities,Equities,ASYMshares,USD,PCX
AUSF,Global X Funds - Global X Adaptive U.S. Factor ETF,Real Estate,Uncategorized,Global X Funds,USD,PCX
AVDE,Avantis International Equity ETF,Real Estate,Uncategorized,Avantis Investors,USD,PCX
AVDV,Avantis International Small Cap Value ETF,Real Estate,Small Cap,Avantis Investors,USD,PCX
AVEM,Avantis Emerging Markets Equity ETF,Real Estate,Emerging Markets,Avantis Investors,USD,PCX
AVIG,Avantis Core Fixed Income ETF,Fixed Income,Investment Grade Bonds,Avantis Investors,USD,PCX
AVMU,Avantis Core Municipal Fixed Income ETF,Fixed Income,Municipal Bonds,Avantis Investors,USD,PCX
AVSF,Avantis Short-Term Fixed Income ETF,Fixed Income,Investment Grade Bonds,Avantis Investors,USD,PCX
AVUS,Avantis U.S. Equity ETF,Real Estate,Uncategorized,Avantis Investors,USD,PCX
AVUV,Avantis U.S. Small Cap Value ETF,Real Estate,Small Cap,Avantis Investors,USD,PCX
AWAY,ETFMG Travel Tech ETF,Equities,Consumer Discretionary,ETF Management,USD,PCX
AWTM,Aware Ultra-Short Duration Enhanced Income ETF,Fixed Income,Bonds,Aware,USD,PCX
AZAA,AllianzIM U.S. Large Cap Buffer10 Apr ETF,Derivatives,Large Cap,Allianz Investment Management,USD,PCX
AZAJ,AllianzIM U.S. Large Cap Buffer10 Jan ETF,Derivatives,Large Cap,Allianz Investment Management,USD,PCX
AZAL,AllianzIM U.S. Large Cap Buffer10 Jul ETF,Derivatives,Large Cap,Allianz Investment Management,USD,PCX
AZAO,AllianzIM U.S. Large Cap Buffer10 Oct ETF,Derivatives,Large Cap,Allianz Investment Management,USD,PCX
AZBA,AllianzIM U.S. Large Cap Buffer20 Apr ETF,Derivatives,Large Cap,Allianz Investment Management,USD,PCX
AZBJ,AllianzIM U.S. Large Cap Buffer20 Jan ETF,Derivatives,Large Cap,Allianz Investment Management,USD,PCX
AZBL,AllianzIM U.S. Large Cap Buffer20 Jul ETF,Derivatives,Large Cap,Allianz Investment Management,USD,PCX
AZBO,AllianzIM U.S. Large Cap Buffer20 Oct ETF,Derivatives,Large Cap,Allianz Investment Management,USD,PCX
BAB,Invesco Taxable Municipal Bond ETF,Fixed Income,Municipal Bonds,Invesco Investment Management,USD,PCX
BAL,iPath Series B Bloomberg Cotton Subindex Total Return ETN,Commodities,Uncategorized,Barclays,USD,PCX
BAR,GraniteShares Gold Trust,Commodities,Uncategorized,Graniteshares,USD,PCX
BATT,Amplify Lithium & Battery Technology ETF,Uncategorized,Uncategorized,Amplify ETFs,USD,PCX
BBC,Virtus LifeSci Biotech Clinical Trials ETF,Health Care,Health Care,Virtus,USD,PCX
BBH,VanEck Vectors Biotech ETF,Health Care,Health Care,VanEck Asset Management,USD,NMS
BBP,Virtus LifeSci Biotech Products ETF,Health Care,Health Care,Virtus,USD,PCX
BBSC,JPMorgan BetaBuilders U.S. Small Cap Equity ETF,Equities,Small Cap,JPMorgan Asset Management,USD,PCX
BCD,Aberdeen Standard Bloomberg All Commodity Longer Dated Strategy K-1 Free ETF,Commodities,Commodities Broad Basket,Aberdeen Standard Investments,USD,PCX
BCI,Aberdeen Standard Bloomberg All Commodity Strategy K-1 Free ETF,Commodities,Commodities Broad Basket,Aberdeen Standard Investments,USD,PCX
BCM,iPath Pure Beta Broad Commodity ETN,Commodities,Commodities Broad Basket,Barclays,USD,PCX
BDCX,ETRACS Quarterly Pay 1.5X Leveraged Wells Fargo BDC Index ETN,Financials,Uncategorized,UBS Asset Management,USD,PCX
BDCZ,UBS ETRACS Wells Fargo Business Development Company Index ETN,Financials,Financials,UBS Asset Management,USD,PCX
BDRY,Breakwave Dry Bulk Shipping ETF,Commodities,Developed Markets,ETF Management,USD,PCX
BEDZ,AdvisorShares Hotel ETF,Consumer Discretionary,Consumer Discretionary,AdvisorShares,USD,PCX
BETZ,Roundhill Sports Betting & iGaming ETF,Consumer Discretionary,Consumer Discretionary,Roundhill Investments,USD,PCX
BFIT,Global X Health & Wellness ETF,Health Care,Uncategorized,Global X Funds,USD,NMS
BFOR,Barron's 400 ETF,Financials,Factors,First Trust Advisors,USD,PCX
BFTR,BlackRock Future Innovators ETF,Information Technology,Growth,BlackRock Asset Management,USD,PCX
BGRN,iShares Global Green Bond ETF,Fixed Income,Investment Grade Bonds,BlackRock Asset Management,USD,NMS
BIB,ProShares Ultra Nasdaq Biotechnology,Health Care,Trading,ProShares,USD,NGM
BIBL,Inspire 100 ETF,Equities,Factors,Inspire,USD,PCX
BICK,First Trust BICK Index Fund,Equities,Emerging Markets,First Trust Advisors,USD,NGM
BIL,SPDR Bloomberg Barclays 1-3 Month T-Bill ETF,Fixed Income,Treasury Bonds,State Street Global Advisors,USD,PCX
BILS,SPDR Bloomberg Barclays 3-12 Month T-Bill ETF,Fixed Income,Treasury Bonds,State Street Global Advisors,USD,PCX
BIS,ProShares UltraShort Nasdaq Biotechnology,Health Care,Trading,ProShares,USD,NMS
BITQ,Exchange Traded Concepts Trust - Bitwise Crypto Industry Innovators ETF,Information Technology,Uncategorized,Exchange Traded Concepts,USD,PCX
BIV,Vanguard Intermediate-Term Bond Index Fund ETF Shares,Fixed Income,Investment Grade Bonds,Vanguard Asset Management,USD,PCX
BIZD,VanEck Vectors BDC Income ETF,Financials,Financials,VanEck Asset Management,USD,PCX
BKAG,BNY Mellon Core Bond ETF,Fixed Income,Investment Grade Bonds,BNY Mellon,USD,PCX
BKEM,BNY Mellon Emerging Markets Equity ETF,Equities,Emerging Markets,BNY Mellon,USD,PCX
BKF,iShares MSCI BRIC ETF,Equities,Emerging Markets,BlackRock Asset Management,USD,PCX
BKHY,BNY Mellon High Yield Beta ETF,Fixed Income,High Yield Bonds,BNY Mellon,USD,PCX
BKIE,BNY Mellon International Equity ETF,Equities,Developed Markets,BNY Mellon,USD,PCX
BKLC,BNY Mellon US Large Cap Core Equity ETF,Equities,Large Cap,BNY Mellon,USD,PCX
BKLN,Invesco Senior Loan ETF,Fixed Income,Uncategorized,Invesco Investment Management,USD,PCX
BKMC,BNY Mellon US Mid Cap Core Equity ETF,Equities,Mid Cap,BNY Mellon,USD,PCX
BKSB,BNY Mellon Short Duration Corporate Bond ETF,Fixed Income,Corporate Bonds,BNY Mellon,USD,PCX
BKSE,BNY Mellon US Small Cap Core Equity ETF,Equities,Small Cap,BNY Mellon,USD,PCX
BLCN,Siren Nasdaq NexGen Economy ETF,Information Technology,Technology,SRN Advisors,USD,NMS
BLES,Inspire Global Hope ETF,Equities,Uncategorized,Inspire,USD,PCX
BLHY,Virtus Newfleet High Yield Bond ETF,Fixed Income,High Yield Bonds,Virtus,USD,PCX
BLOK,Amplify Transformational Data Sharing ETF,Information Technology,Technology,Amplify ETFs,USD,PCX
BLV,Vanguard Long-Term Bond Index Fund ETF Shares,Fixed Income,Investment Grade Bonds,Vanguard Asset Management,USD,PCX
BMED,BlackRock Future Health ETF,Health Care,Health Care,BlackRock Asset Management,USD,PCX
BMLP,BMO Dorsey Wright MLP Index Exchange Traded Notes,Energy,Energy,BMO Capital Markets,USD,NGM
BND,Vanguard Total Bond Market Index Fund ETF Shares,Fixed Income,Investment Grade Bonds,Vanguard Asset Management,USD,NMS
BNDC,FlexShares Core Select Bond Fund,Fixed Income,Investment Grade Bonds,Flexshares Trust,USD,PCX
BNDW,Vanguard Total World Bond ETF,Fixed Income,Investment Grade Bonds,Vanguard Asset Management,USD,NGM
BNDX,Vanguard Total International Bond Index Fund ETF Shares,Fixed Income,Investment Grade Bonds,Vanguard Asset Management,USD,NMS
BNE,Blue Horizon BNE ETF,Energy,Uncategorized,Genlith,USD,PCX
BNKD,MicroSectors U.S. Big Banks Index -3X Inverse Leveraged ETNs,Financials,Trading,Microsectors,USD,PCX
BNKU,MicroSectors U.S. Big Banks Index 3X Leveraged ETNs,Financials,Trading,Microsectors,USD,PCX
BNO,"United States Brent Oil Fund, LP",Commodities,Uncategorized,USCF Investments,USD,PCX
BOIL,ProShares Ultra Bloomberg Natural Gas,Commodities,Trading,ProShares,USD,PCX
BOND,PIMCO Active Bond Exchange-Traded Fund,Fixed Income,Investment Grade Bonds,PIMCO Global Advisors,USD,PCX
BOTZ,Global X Robotics & Artificial Intelligence ETF,Industrials,Developed Markets,Global X Funds,USD,NMS
BOUT,Innovator IBD Breakout Opportunities ETF,Financials,Uncategorized,Innovator ETFs,USD,PCX
BRF,VanEck Vectors Brazil Small-Cap ETF,Financials,Small Cap,VanEck Asset Management,USD,PCX
BRZU,Direxion Daily MSCI Brazil Bull 2X Shares,Financials,Emerging Markets,Direxion Funds,USD,PCX
BSBE,Invesco BulletShares (R) 2022 USD Emerging Markets Debt ETF,Fixed Income,Emerging Markets,Invesco Investment Management,USD,NMS
BSCE,Invesco BulletShares (R) 2023 USD Emerging Markets Debt ETF,Fixed Income,Emerging Markets,Invesco Investment Management,USD,NMS
BSCL,Invesco BulletShares 2021 Corporate Bond ETF,Fixed Income,Corporate Bonds,Invesco Investment Management,USD,NMS
BSCM,Invesco BulletShares 2022 Corporate Bond ETF,Fixed Income,Corporate Bonds,Invesco Investment Management,USD,NGM
BSCN,Invesco BulletShares 2023 Corporate Bond ETF,Fixed Income,Corporate Bonds,Invesco Investment Management,USD,NGM
BSCO,Invesco BulletShares 2024 Corporate Bond ETF,Fixed Income,Corporate Bonds,Invesco Investment Management,USD,NMS
BSCP,Invesco BulletShares 2025 Corporate Bond ETF,Fixed Income,Corporate Bonds,Invesco Investment Management,USD,NGM
BSCQ,Invesco BulletShares 2026 Corporate Bond ETF,Fixed Income,Corporate Bonds,Invesco Investment Management,USD,NGM
BSCR,Invesco BulletShares 2027 Corporate Bond ETF,Fixed Income,Corporate Bonds,Invesco Investment Management,USD,NMS
BSCS,Invesco BulletShares 2028 Corporate Bond ETF,Fixed Income,Corporate Bonds,Invesco Investment Management,USD,NMS
BSCT,Invesco BulletShares 2029 Corporate Bond ETF,Fixed Income,Corporate Bonds,Invesco Investment Management,USD,NGM
BSCU,Invesco BulletShares 2030 Corporate Bond ETF,Fixed Income,Corporate Bonds,Invesco Investment Management,USD,NMS
BSDE,Invesco BulletShares (R) 2024 Emerging Markets Debt ETF,Fixed Income,Emerging Markets,Invesco Investment Management,USD,NGM
BSJL,Invesco BulletShares 2021 High Yield Corporate Bond ETF,Fixed Income,High Yield Bonds,Invesco Investment Management,USD,NGM
BSJM,Invesco BulletShares 2022 High Yield Corporate Bond ETF,Fixed Income,High Yield Bonds,Invesco Investment Management,USD,NMS
BSJN,Invesco BulletShares 2023 High Yield Corporate Bond ETF,Fixed Income,High Yield Bonds,Invesco Investment Management,USD,NGM
BSJO,Invesco BulletShares 2024 High Yield Corporate Bond ETF,Fixed Income,High Yield Bonds,Invesco Investment Management,USD,NGM
BSJP,Invesco BulletShares 2025 High Yield Corporate Bond ETF,Fixed Income,High Yield Bonds,Invesco Investment Management,USD,NMS
BSJQ,Invesco BulletShares 2026 High Yield Corporate Bond ETF,Fixed Income,High Yield Bonds,Invesco Investment Management,USD,NMS
BSJR,Invesco BulletShares 2027 High Yield Corporate Bond ETF,Fixed Income,High Yield Bonds,Invesco Investment Management,USD,NGM
BSJS,Invesco BulletShares 2028 High Yield Corporate Bond ETF,Fixed Income,High Yield Bonds,Invesco Investment Management,USD,NMS
BSML,Invesco BulletShares (R) 2021 Municipal Bond ETF,Fixed Income,Municipal Bonds,Invesco Investment Management,USD,NGM
BSMM,Invesco BulletShares (R) 2022 Municipal Bond ETF,Fixed Income,Municipal Bonds,Invesco Investment Management,USD,NGM
BSMN,Invesco BulletShares (R) 2023 Municipal Bond ETF,Fixed Income,Municipal Bonds,Invesco Investment Management,USD,NMS
BSMO,Invesco BulletShares (R) 2024 Municipal Bond ETF,Fixed Income,Municipal Bonds,Invesco Investment Management,USD,NMS
BSMP,Invesco BulletShares (R) 2025 Municipal Bond ETF,Fixed Income,Municipal Bonds,Invesco Investment Management,USD,NGM
BSMQ,Invesco BulletShares (R) 2026 Municipal Bond ETF,Fixed Income,Municipal Bonds,Invesco Investment Management,USD,NMS
BSMR,Invesco BulletShares (R) 2027 Municipal Bond ETF,Fixed Income,Municipal Bonds,Invesco Investment Management,USD,NGM
BSMS,Invesco BulletShares (R) 2028 Municipal Bond ETF,Fixed Income,Municipal Bonds,Invesco Investment Management,USD,NGM
BSMT,Invesco BulletShares 2029 Municipal Bond ETF,Fixed Income,Municipal Bonds,Invesco Investment Management,USD,NMS
BSMU,Invesco BulletShares 2030 Municipal Bond ETF,Fixed Income,Municipal Bonds,Invesco Investment Management,USD,NMS
BSV,Vanguard Short-Term Bond Index Fund ETF Shares,Fixed Income,Corporate Bonds,Vanguard Asset Management,USD,PCX
BTAL,AGFiQ U.S. Market Neutral Anti-Beta Fund,Alternatives,Value,AGF Investments,USD,PCX
BTC,ClearShares Piton Intermediate Fixed Income ETF,Fixed Income,Corporate Bonds,ClearShares,USD,PCX
BTEC,Principal Healthcare Innovators Index ETF,Health Care,Mid Cap,Principal Funds,USD,NMS
BTEK,BlackRock Future Tech ETF,Information Technology,Technology,BlackRock Asset Management,USD,PCX
BUG,Global X Cybersecurity ETF,Information Technology,Uncategorized,Global X Funds,USD,NGM
BUL,Pacer US Cash Cows Growth ETF,Financials,Growth,Pacer,USD,PCX
BUZZ,VanEck Vectors ETF Trust - VanEck Vectors Social Sentiment ETF,Information Technology,Developed Markets,VanEck Asset Management,USD,PCX
BWX,SPDR Bloomberg Barclays International Treasury Bond ETF,Fixed Income,Treasury Bonds,State Street Global Advisors,USD,PCX
BWZ,SPDR Bloomberg Barclays Short Term International Treasury Bond ETF,Fixed Income,Treasury Bonds,State Street Global Advisors,USD,PCX
BYLD,iShares Yield Optimized Bond ETF,Fixed Income,Corporate Bonds,BlackRock Asset Management,USD,PCX
BZQ,ProShares UltraShort MSCI Brazil Capped,Equities,Emerging Markets,ProShares,USD,PCX
CACG,ClearBridge All Cap Growth ETF,Financials,Growth,Franklink Templeton Investments,USD,NGM
CANE,Teucrium Sugar,Commodities,Uncategorized,Teucrium,USD,PCX
CAPE,Barclays ETN+ Shiller Capet ETN,Financials,Factors,Barclays,USD,PCX
CARZ,First Trust NASDAQ Global Auto Index Fund,Consumer Discretionary,Consumer Discretionary,First Trust Advisors,USD,NGM
CATH,Global X S&P 500 Catholic Values ETF,Financials,Large Cap,Global X Funds,USD,NMS
CBLS,Changebridge Capital Long/Short Equity ETF,Financials,Uncategorized,Changebridge,USD,PCX
CBON,VanEck Vectors ChinaAMC China Bond ETF,Fixed Income,Emerging Markets,VanEck Asset Management,USD,PCX
CCON,Direxion Connected Consumer ETF,Consumer Discretionary,Technology,Direxion Funds,USD,PCX
CCOR,Core Alternative ETF,Alternatives,Uncategorized,Core Alternative Capital,USD,PCX
CCRV,iShares Commodity Curve Carry Strategy ETF,Commodities,Commodities Broad Basket,BlackRock Asset Management,USD,PCX
CDC,VictoryShares US EQ Income Enhanced Volatility Wtd ETF,Financials,Uncategorized,Victory Capital,USD,NGM
CDL,VictoryShares US Large Cap High Div Volatility Wtd ETF,Financials,Large Cap,Victory Capital,USD,NMS
CEFA,Global X S&P Catholic Values Developed ex-U.S. ETF,Equities,Developed Markets,Global X Funds,USD,NGM
CEFD,ETRACS Monthly Pay 1.5X Leveraged Closed-End Fund Index ETN,Equities,Uncategorized,UBS Asset Management,USD,PCX
CEW,WisdomTree Emerging Currency Strategy Fund,Currencies,Money Market Instruments,WisdomTree Asset Management,USD,PCX
CEY,VictoryShares Emerging Market High Div Volatility Wtd ETF,Equities,Emerging Markets,Victory Capital,USD,NGM
CEZ,VictoryShares Emerging Market Volatility Wtd ETF,Uncategorized,Emerging Markets,Victory Capital,USD,NGM
CFA,VictoryShares US 500 Volatility Wtd ETF,Equities,Large Cap,Victory Capital,USD,NMS
CFO,VictoryShares US 500 Enhanced Volatility Wtd ETF,Uncategorized,Large Cap,Victory Capital,USD,NGM
CGW,Invesco S&P Global Water Index ETF,Utilities,Materials,Invesco Investment Management,USD,PCX
CHAD,Direxion Daily CSI 300 China A Share Bear 1X Shares,Derivatives,Trading,Direxion Funds,USD,PCX
CHAU,Direxion Daily CSI 300 China A Share Bull 2X Shares,Derivatives,Trading,Direxion Funds,USD,PCX
CHB,Global X China Biotech Innovation ETF,Health Care,Emerging Markets,Global X Funds,USD,NMS
CHGX,Change Finance U.S. Large Cap Fossil Fuel Free ETF,Equities,Large Cap,Change Finance,USD,PCX
CHIC,Global X MSCI China Comm Services ETF,Communication Services,Emerging Markets,Global X Funds,USD,PCX
CHIE,Global X MSCI China Energy ETF,Energy,Emerging Markets,Global X Funds,USD,PCX
CHIH,Global X MSCI China Health Care ETF,Health Care,Emerging Markets,Global X Funds,USD,PCX
CHII,Global X MSCI China Industrials ETF,Industrials,Emerging Markets,Global X Funds,USD,PCX
CHIK,Global X MSCI China Information Technology ETF,Information Technology,Emerging Markets,Global X Funds,USD,PCX
CHIL,Global X MSCI China Large-Cap 50 ETF,Uncategorized,Emerging Markets,Global X Funds,USD,PCX
CHIM,Global X MSCI China Materials ETF,Materials,Emerging Markets,Global X Funds,USD,PCX
CHIQ,Global X MSCI China Consumer Disc ETF,Consumer Discretionary,Emerging Markets,Global X Funds,USD,PCX
CHIR,Global X MSCI China Real Estate ETF,Real Estate,Uncategorized,Global X Funds,USD,PCX
CHIS,Global X MSCI China Consumer Staples ETF,Consumer Staples,Emerging Markets,Global X Funds,USD,PCX
CHIU,Global X MSCI China Utilities ETF,Utilities,Emerging Markets,Global X Funds,USD,PCX
CHIX,Global X MSCI China Financials ETF,Financials,Emerging Markets,Global X Funds,USD,PCX
CHNA,Loncar China BioPharma ETF,Health Care,Uncategorized,Loncar Investments,USD,NMS
CIBR,First Trust NASDAQ Cybersecurity ETF,Information Technology,Technology,First Trust Advisors,USD,NMS
CID,VictoryShares International High Div Volatility Wtd ETF,Financials,Factors,Victory Capital,USD,NMS
CIL,VictoryShares International Volatility Wtd ETF,Financials,Factors,Victory Capital,USD,NGM
CIZ,VictoryShares Developed Enhanced Volatility Wtd ETF,Financials,Factors,Victory Capital,USD,NGM
CLDL,Direxion Daily Cloud Computing Bull 2X Shares,Information Technology,Trading,Direxion Funds,USD,PCX
CLDS,Direxion Daily Cloud Computing Bear 2X Shares,Information Technology,Trading,Direxion Funds,USD,PCX
CLIX,ProShares Long Online/Short Stores ETF,Consumer Discretionary,Equities,ProShares,USD,PCX
CLOU,Global X Cloud Computing ETF Global X Cloud Computing ETF,Information Technology,Technology,Global X Funds,USD,NGM
CLRG,IQ Chaikin U.S. Large Cap ETF,Financials,Factors,Alpha Architect,USD,NGM
CLTL,Invesco Treasury Collateral ETF,Fixed Income,Government Bonds,Invesco Investment Management,USD,PCX
CMBS,iShares CMBS ETF,Fixed Income,Commercial Real Estate,BlackRock Asset Management,USD,PCX
CMDY,iShares Bloomberg Roll Select Broad Commodity ETF,Commodities,Uncategorized,BlackRock Asset Management,USD,PCX
CMF,iShares California Muni Bond ETF,Fixed Income,Municipal Bonds,BlackRock Asset Management,USD,PCX
CN,Xtrackers MSCI All China Equity ETF,Alternatives,Emerging Markets,Xtrackers,USD,PCX
CNBS,Amplify Seymour Cannabis ETF,Alternatives,Uncategorized,Amplify ETFs,USD,PCX
CNCR,Loncar Cancer Immunotherapy ETF,Health Care,Health Care,Loncar Investments,USD,NGM
CNRG,SPDR Kensho Clean Power ETF,Energy,Energy,State Street Global Advisors,USD,PCX
CNXT,VanEck Vectors ChinaAMC SME-ChiNext ETF,Alternatives,Small Cap,VanEck Asset Management,USD,PCX
COM,Direxion Auspice Broad Commodity Strategy ETF,Commodities,Commodities Broad Basket,Direxion Funds,USD,PCX
COMB,GraniteShares Bloomberg Commodity Broad Strategy No K-1 ETF,Commodities,Commodities Broad Basket,Graniteshares,USD,PCX
COMT,iShares GSCI Commodity Dynamic Roll Strategy ETF,Commodities,Commodities Broad Basket,BlackRock Asset Management,USD,NMS
COPX,Global X Copper Miners ETF,Materials,Materials,Global X Funds,USD,PCX
CORN,Teucrium Corn Fund,Commodities,Uncategorized,Teucrium,USD,PCX
CORP,PIMCO Investment Grade Corporate Bond Index Exchange-Traded Fund,Fixed Income,Corporate Bonds,PIMCO Global Advisors,USD,PCX
COW,iPath Series B Bloomberg Livestock Subindex Total Return ETN,Commodities,Uncategorized,Barclays,USD,PCX
COWS,Direxion Daily Agribusiness Bea,Materials,Uncategorized,Direxion Funds,,PCX
CPER,"United States Copper Index Fund, LP",Commodities,Uncategorized,USCF Investments,USD,PCX
CQQQ,Invesco China Technology ETF,Information Technology,Emerging Markets,Invesco Investment Management,USD,PCX
CRAK,VanEck Vectors Oil Refiners ETF,Energy,Energy,VanEck Asset Management,USD,PCX
CRBN,iShares MSCI ACWI Low Carbon Target ETF,Alternatives,Uncategorized,BlackRock Asset Management,USD,PCX
CROC,ProShares UltraShort Australian Dollar,Currencies,Trading,ProShares,USD,PCX
CSA,VictoryShares US Small Cap Volatility Wtd ETF,Financials,Small Cap,Victory Capital,USD,NMS
CSB,VictoryShares US Small Cap High Div Volatility Wtd ETF,Financials,Small Cap,Victory Capital,USD,NGM
CSD,Invesco S&P Spin-Off ETF,Financials,Small Cap,Invesco Investment Management,USD,PCX
CSF,VictoryShares US Discovery Enhanced Volatility Wtd ETF,Financials,Small Cap,Victory Capital,USD,NGM
CSML,IQ Chaikin U.S. Small Cap ETF,Financials,Small Cap,Exchange Traded Concepts,USD,NMS
CTEC,Global X CleanTech ETF,Equities,Uncategorized,Global X Funds,USD,NMS
CURE,Direxion Daily Healthcare Bull 3X Shares,Health Care,Trading,Direxion Funds,USD,PCX
CUT,Invesco MSCI Global Timber ETF,Materials,Materials,Invesco Investment Management,USD,PCX
CVRT,PowerShares Convertible Securit,Fixed Income,Corporate Bonds,,,PCX
CVY,Invesco Zacks Multi-Asset Income ETF,Equities,Equities,Invesco Investment Management,USD,PCX
CWB,SPDR Bloomberg Barclays Convertible Securities ETF,Fixed Income,Corporate Bonds,State Street Global Advisors,USD,PCX
CWEB,Direxion Daily CSI China Internet Bull 2X Shares,Information Technology,Uncategorized,Direxion Funds,USD,PCX
CWI,SPDR MSCI ACWI ex-US ETF,Equities,Developed Markets,State Street Global Advisors,USD,PCX
CWS,AdvisorShares Focused Equity ETF,Equities,Factors,AdvisorShares,USD,PCX
CXSE,WisdomTree China ex-State-Owned Enterprises Fund,Equities,Emerging Markets,WisdomTree Asset Management,USD,NMS
CYB,WisdomTree Chinese Yuan Strategy Fund,Currencies,Money Market Instruments,WisdomTree Asset Management,USD,PCX
CZA,Invesco Zacks Mid-Cap ETF,Alternatives,Mid Cap,Invesco Investment Management,USD,PCX
DALI,First Trust Dorsey Wright DALI 1 ETF,Information Technology,Factors,First Trust Advisors,USD,NGM
DAPP,VanEck Vectors ETF Trust - VanEck Vectors Digital Transformation ETF,Information Technology,Uncategorized,VanEck Asset Management,USD,NMS
DAX,Global X DAX Germany ETF,Alternatives,Developed Markets,Global X Funds,USD,NMS
DBA,Invesco DB Agriculture Fund,Commodities,Uncategorized,Invesco Investment Management,USD,PCX
DBAW,Xtrackers MSCI All World ex U.S. Hedged Equity ETF,Real Estate,Developed Markets,Xtrackers,USD,PCX
DBB,Invesco DB Base Metals Fund,Commodities,Uncategorized,Invesco Investment Management,USD,PCX
DBC,Invesco DB Commodity Index Tracking Fund,Commodities,Commodities Broad Basket,Invesco Investment Management,USD,PCX
DBE,Invesco DB Energy Fund,Energy,Uncategorized,Invesco Investment Management,USD,PCX
DBEF,Xtrackers MSCI EAFE Hedged Equity ETF,Real Estate,Developed Markets,Xtrackers,USD,PCX
DBEH,iM DBi Hedge Strategy ETF,Alternatives,Equities,iM Global Partner,USD,PCX
DBEM,Xtrackers MSCI Emerging Markets Hedged Equity ETF,Real Estate,Emerging Markets,Xtrackers,USD,PCX
DBEU,Xtrackers MSCI Europe Hedged Equity ETF,Real Estate,Developed Markets,Xtrackers,USD,PCX
DBEZ,Xtrackers MSCI Eurozone Hedged Equity ETF,Real Estate,Developed Markets,Xtrackers,USD,PCX
DBGR,Xtrackers MSCI Germany Hedged Equity ETF,Real Estate,Developed Markets,Xtrackers,USD,PCX
DBJP,Xtrackers MSCI Japan Hedged Equity ETF,Real Estate,Developed Markets,Xtrackers,USD,PCX
DBLV,AdvisorShares DoubleLine Value Equity ETF,Real Estate,Value,AdvisorShares,USD,PCX
DBMF,iM DBi Managed Futures Strategy ETF,Alternatives,Derivatives,iM Global Partner,USD,PCX
DBO,Invesco DB Oil Fund,Energy,Uncategorized,Invesco Investment Management,USD,PCX
DBP,Invesco DB Precious Metals Fund,Commodities,Uncategorized,Invesco Investment Management,USD,PCX
DBS,Invesco DB Silver Fund,Commodities,Uncategorized,Invesco Investment Management,USD,PCX
DBV,Invesco DB G10 Currency Harvest Fund,Currencies,Uncategorized,Invesco Investment Management,USD,PCX
DDG,ProShares Short Oil & Gas,Energy,Trading,ProShares,USD,PCX
DDIV,First Trust Dorsey Wright Momentum & Dividend ETF,Equities,Factors,First Trust Advisors,USD,NMS
DDM,ProShares Ultra Dow30,Derivatives,Large Cap,ProShares,USD,PCX
DEED,First Trust TCW Securitized Plus ETF,Fixed Income,Bonds,First Trust Advisors,USD,PCX
DEEF,Xtrackers FTSE Developed ex US Multifactor ETF,Financials,Developed Markets,Xtrackers,USD,PCX
DEEP,Roundhill Acquirers Deep Value ETF,Financials,Value,Roundhill Investments,USD,PCX
DEF,Invesco Defensive Equity ETF,Financials,Factors,Invesco Investment Management,USD,PCX
DEM,WisdomTree Emerging Markets High Dividend Fund,Financials,Emerging Markets,WisdomTree Asset Management,USD,PCX
DEMZ,Democratic Large Cap Core ETF,Financials,Large Cap,Democracy Investments,USD,NMS
DES,WisdomTree U.S. SmallCap Dividend Fund,Financials,Small Cap,WisdomTree Asset Management,USD,PCX
DEUS,Xtrackers Russell US Multifactor ETF,Financials,Large Cap,Xtrackers,USD,PCX
DEW,WisdomTree Global High Dividend Fund,Financials,Blend,WisdomTree Asset Management,USD,PCX
DFAE,Dimensional Emerging Core Equity Market ETF,Financials,Emerging Markets,Dimensional Fund Advisors,USD,PCX
DFAI,Dimensional International Core Equity Market ETF,Financials,Developed Markets,Dimensional Fund Advisors,USD,PCX
DFE,WisdomTree Europe SmallCap Dividend Fund,Financials,Small Cap,WisdomTree Asset Management,USD,PCX
DFEN,Direxion Daily Aerospace & Defense Bull 3X Shares Direxion Daily Aerospace,Industrials,Trading,Direxion Funds,USD,PCX
DFJ,WisdomTree Japan SmallCap Dividend Fund,Financials,Small Cap,WisdomTree Asset Management,USD,PCX
DGL,Invesco DB Gold Fund,Commodities,Uncategorized,Invesco Investment Management,USD,PCX
DGP,DB Gold Double Long ETN,Commodities,Trading,Deutsche Bank Asset Management,USD,PCX
DGRO,iShares Core Dividend Growth ETF,Financials,Growth,BlackRock Asset Management,USD,PCX
DGRS,WisdomTree U.S. SmallCap Quality Dividend Growth Fund,Financials,Small Cap,WisdomTree Asset Management,USD,NGM
DGRW,WisdomTree U.S. Quality Dividend Growth Fund,Financials,Growth,WisdomTree Asset Management,USD,NMS
DGS,WisdomTree Emerging Markets SmallCap Dividend Fund,Financials,Small Cap,WisdomTree Asset Management,USD,PCX
DGT,SPDR Global Dow ETF,Uncategorized,Developed Markets,State Street Global Advisors,USD,PCX
DGZ,DB Gold Short ETN,Commodities,Trading,Deutsche Bank Asset Management,USD,PCX
DHS,WisdomTree U.S. High Dividend Fund,Financials,Value,WisdomTree Asset Management,USD,PCX
DIA,SPDR Dow Jones Industrial Average ETF Trust,Financials,Large Cap,State Street Global Advisors,USD,PCX
DIAL,Columbia Diversified Fixed Income Allocation ETF,Fixed Income,Corporate Bonds,Columbia Threadneedle,USD,PCX
DIG,ProShares Ultra Oil & Gas,Energy,Trading,ProShares,USD,PCX
DIM,WisdomTree International MidCap Dividend Fund,Financials,Mid Cap,WisdomTree Asset Management,USD,PCX
DIV,Global X SuperDividend U.S. ETF,Financials,Factors,Global X Funds,USD,PCX
DIVA,AGFiQ Hedged Dividend Income Fund,Financials,Equities,AGF Investments,USD,PCX
DIVO,Amplify CWP Enhanced Dividend Income ETF,Financials,Uncategorized,Amplify ETFs,USD,PCX
DIVS,SmartETFs Dividend Builder ETF,Financials,Uncategorized,SmartETFs,USD,PCX
DIVZ,TrueShares Low Volatility Equity Income ETF,Financials,Uncategorized,TrueShares,USD,PCX
DJCB,ETRACS Bloomberg Commodity Index Total ReturnSM ETN Series B,Commodities,Uncategorized,UBS Asset Management,USD,PCX
DJD,Invesco Dow Jones Industrial Average Dividend ETF,Financials,Large Cap,Invesco Investment Management,USD,PCX
DJP,iPath Bloomberg Commodity Index Total Return(SM) ETN,Commodities,Commodities Broad Basket,Milleis Investissements Funds,USD,PCX
DLN,WisdomTree U.S. LargeCap Dividend Fund,Equities,Large Cap,WisdomTree Asset Management,USD,PCX
DLS,WisdomTree International SmallCap Dividend Fund,Equities,Small Cap,WisdomTree Asset Management,USD,PCX
DMCY,Democracy International Fund,Uncategorized,Uncategorized,Democracy Investments,USD,PCX
DMDV,AAM S&P Developed Markets High Dividend Value ETF,Financials,Developed Markets,FT Portfolios,USD,PCX
DMRE,DeltaShares S&P EM 100 & Managed Risk ETF,Financials,Emerging Markets,DeltaShares,USD,PCX
DMRI,DeltaShares S&P International Managed Risk ETF,Financials,Developed Markets,DeltaShares,USD,PCX
DMRL,DeltaShares S&P 500 Managed Risk ETF,Financials,Factors,DeltaShares,USD,PCX
DMRM,DeltaShares S&P 400 Managed Risk ETF,Financials,Mid Cap,DeltaShares,USD,PCX
DMRS,DeltaShares S&P 600 Managed Risk ETF,Financials,Small Cap,DeltaShares,USD,PCX
DMXF,iShares ESG Advanced MSCI EAFE Index ETF,Financials,Developed Markets,BlackRock Asset Management,USD,NMS
DNL,WisdomTree Global ex-U.S. Quality Dividend Growth Fund,Financials,Growth,WisdomTree Asset Management,USD,PCX
DOG,ProShares Short Dow30,Derivatives,Large Cap,ProShares,USD,PCX
DOL,WisdomTree International LargeCap Dividend Fund,Financials,Large Cap,WisdomTree Asset Management,USD,PCX
DON,WisdomTree U.S. MidCap Dividend Fund,Financials,Mid Cap,WisdomTree Asset Management,USD,PCX
DPST,Direxion Daily Regional Banks Bull 3X Shares,Financials,Trading,Direxion Funds,USD,PCX
DRIP,Direxion Daily S&P Oil & Gas Exp. & Prod. Bear 2X Shares,Energy,Trading,Direxion Funds,USD,PCX
DRIV,Global X Autonomous & Electric Vehicles ETF,Consumer Discretionary,Developed Markets,Global X Funds,USD,NMS
DRN,Direxion Daily MSCI Real Estate Bull 3X Shares,Real Estate,REITs,Direxion Funds,USD,PCX
DRUA,"Dominion Energy, Inc. ENHCD SUB NT16 A",Uncategorized,Uncategorized,,USD,NYQ
DRV,Direxion Daily MSCI Real Estate Bear 3X Shares,Real Estate,REITs,Direxion Funds,USD,PCX
DRW,WisdomTree Global ex-US Real Estate Fund,Real Estate,REITs,WisdomTree Asset Management,USD,PCX
DSI,iShares MSCI KLD 400 Social ETF,Financials,Factors,BlackRock Asset Management,USD,PCX
DSTL,Distillate U.S. Fundamental Stability & Value ETF,Financials,Factors,Distillate Capital Partners,USD,PCX
DSTX,Distillate International Fundamental Stability & Value ETF,Financials,Uncategorized,Distillate Capital Partners,USD,PCX
DTD,WisdomTree U.S. Total Dividend Fund,Financials,Uncategorized,WisdomTree Asset Management,USD,PCX
DTEC,ALPS Disruptive Technologies ETF,Information Technology,Technology,ALPS ETF Trust,USD,PCX
DTH,WisdomTree International High Dividend Fund,Financials,Uncategorized,WisdomTree Asset Management,USD,PCX
DTJ,DTE Energy Company JR SUB DEB 76,Uncategorized,Uncategorized,,USD,NYQ
DTN,WisdomTree U.S. Dividend ex-Financials Fund,Equities,Uncategorized,WisdomTree Asset Management,USD,PCX
DTY,DTE Energy Company,Utilities,Uncategorized,,USD,NYQ
DUG,ProShares UltraShort Oil & Gas,Equities,Trading,ProShares,USD,PCX
DUKH,Duke Energy Corporation JR SUB DEB 73,Fixed Income,Uncategorized,,USD,NYQ
DUSL,Direxion Daily Industrials Bull 3X Shares Direxion Daily Industrials Bull 3,Equities,Trading,Direxion Funds,USD,PCX
DUST,Direxion Daily Gold Miners Index Bear 2X Shares,Equities,Trading,Direxion Funds,USD,PCX
DVLU,First Trust Dorsey Wright Momentum & Value ETF,Equities,Uncategorized,First Trust Advisors,USD,NMS
DVOL,First Trust Dorsey Wright Momentum & Low Volatility ETF,Equities,Factors,First Trust Advisors,USD,NGM
DVY,iShares Select Dividend ETF,Equities,Uncategorized,BlackRock Asset Management,USD,NGM
DVYA,iShares Asia/Pacific Dividend ETF,Equities,Emerging Markets,BlackRock Asset Management,USD,PCX
DVYE,iShares Emerging Markets Dividend ETF,Equities,Emerging Markets,BlackRock Asset Management,USD,PCX
DWAS,Invesco DWA SmallCap Momentum ETF,Equities,Small Cap,Invesco Investment Management,USD,NMS
DWAT,Arrow DWA Tactical: Macro ETF,Equities,Factors,ArrowShares,USD,NMS
DWAW,AdvisorShares Dorsey Wright FSM All Cap World ETF,Equities,Uncategorized,AdvisorShares,USD,NGM
DWCR,Arrow DWA Tactical: International ETF,Equities,Factors,ArrowShares,USD,NMS
DWEQ,AdvisorShares Dorsey Wright Alpha Equal Weight ETF,Equities,Uncategorized,AdvisorShares,USD,NMS
DWFI,SPDR Dorsey Wright Fixed Income Allocation ETF,Equities,Bonds,State Street Global Advisors,USD,NGM
DWM,WisdomTree International Equity Fund,Equities,Developed Markets,WisdomTree Asset Management,USD,PCX
DWMC,AdvisorShares Dorsey Wright Micro-Cap ETF,Equities,Micro Cap,AdvisorShares,USD,NMS
DWMF,WisdomTree International Multifactor Fund,Equities,Developed Markets,WisdomTree Asset Management,USD,PCX
DWSH,AdvisorShares Dorsey Wright Short ETF,Alternatives,Equities,AdvisorShares,USD,NMS
DWUS,AdvisorShares Dorsey Wright FSM US Core ETF,Alternatives,Blend,AdvisorShares,USD,NGM
DWX,SPDR S&P International Dividend ETF,Financials,Developed Markets,State Street Global Advisors,USD,PCX
DXD,ProShares UltraShort Dow30,Equities,Large Cap,ProShares,USD,PCX
DXGE,WisdomTree Germany Hedged Equity Fund,Equities,Developed Markets,WisdomTree Asset Management,USD,NMS
DXJ,WisdomTree Japan Hedged Equity Fund,Equities,Developed Markets,WisdomTree Asset Management,USD,PCX
DXJS,WisdomTree Japan Hedged SmallCap Equity Fund,Equities,Small Cap,WisdomTree Asset Management,USD,NMS
DYHG,Direxion Dynamic Hedge ETF,Alternatives,Large Cap,Direxion Funds,USD,PCX
DYNF,BlackRock U.S. Equity Factor Rotation ETF,Financials,Large Cap,BlackRock Asset Management,USD,PCX
DZZ,DB Gold Double Short ETN,Commodities,Trading,Deutsche Bank Asset Management,USD,PCX
EAGG,iShares ESG U.S. Aggregate Bond ETF,Fixed Income,Investment Grade Bonds,BlackRock Asset Management,USD,PCX
EAPR,Innovator MSCI Emerging Markets Power Buffer ETF - April,Equities,Emerging Markets,Innovator ETFs,USD,PCX
EASG,Xtrackers MSCI EAFE ESG Leaders Equity ETF,Equities,Factors,Xtrackers,USD,PCX
EATZ,AdvisorShares Restaurant ETF,Equities,Consumer Discretionary,AdvisorShares,USD,PCX
EBIZ,Global X E-commerce ETF,Equities,Uncategorized,Global X Funds,USD,NMS
EBLU,Ecofin Global Water ESG Fund,Equities,Materials,Ecofin,USD,PCX
EBND,SPDR Bloomberg Barclays Emerging Markets Local Bond ETF,Fixed Income,Government Bonds,State Street Global Advisors,USD,PCX
ECCY,Eagle Point Credit Company Inc. 6.75% NT DE 2027,Fixed Income,Corporate Bonds,,USD,NYQ
ECLN,First Trust EIP Carbon Impact ETF,Energy,Utilities,First Trust Advisors,USD,PCX
ECNS,iShares MSCI China Small-Cap ETF,Alternatives,Small Cap,BlackRock Asset Management,USD,PCX
ECON,Columbia Emerging Markets Consumer ETF,Consumer Discretionary,Emerging Markets,Columbia Threadneedle,USD,PCX
ECOW,Pacer Emerging Markets Cash Cows 100 ETF,Financials,Emerging Markets,Pacer,USD,NGM
ECOZ,TrueShares ESG Active Opportunities ETF,Alternatives,Factors,TrueShares,USD,PCX
EDC,Direxion Daily MSCI Emerging Markets Bull 3X Shares,Alternatives,Emerging Markets,Direxion Funds,USD,PCX
EDIV,SPDR S&P Emerging Markets Dividend ETF,Financials,Emerging Markets,State Street Global Advisors,USD,PCX
EDOC,Global X Telemedicine & Digital Health ETF,Health Care,Health Care,Global X Funds,USD,NGM
EDOG,ALPS Emerging Sector Dividend Dogs ETF,Financials,Emerging Markets,ALPS ETF Trust,USD,PCX
EDOW,First Trust Dow 30 Equal Weight ETF,Financials,Large Cap,First Trust Advisors,USD,PCX
EDUT,Global X Education ETF,Consumer Discretionary,Uncategorized,Global X Funds,USD,NMS
EDV,Vanguard Extended Duration Treasury Index Fund ETF Shares,Fixed Income,Treasury Bonds,Vanguard Asset Management,USD,PCX
EDZ,Direxion Daily MSCI Emerging Markets Bear 3X Shares,Financials,Emerging Markets,Direxion Funds,USD,PCX
EEH,ELEMENTS Linked to SPECTRUM Large Cap U.S. Sector Momentum Index,Information Technology,Factors,Elements,USD,PCX
EELV,Invesco S&P Emerging Markets Low Volatility ETF,Financials,Emerging Markets,Invesco Investment Management,USD,PCX
EEM,iShares MSCI Emerging Markets ETF,Financials,Emerging Markets,BlackRock Asset Management,USD,PCX
EEMA,iShares MSCI Emerging Markets Asia ETF,Financials,Emerging Markets,BlackRock Asset Management,USD,NGM
EEMD,AAM S&P Emerging Markets High Dividend Value ETF,Financials,Emerging Markets,Exchange Traded Concepts,USD,PCX
EEMO,Invesco S&P Emerging Markets Momentum ETF,Financials,Emerging Markets,Invesco Investment Management,USD,PCX
EEMS,iShares MSCI Emerging Markets Small-Cap ETF,Financials,Emerging Markets,BlackRock Asset Management,USD,PCX
EEMX,SPDR MSCI Emerging Markets Fossil Fuel Free ETF,Energy,Emerging Markets,State Street Global Advisors,USD,PCX
EES,WisdomTree U.S. SmallCap Earnings Fund,Financials,Small Cap,WisdomTree Asset Management,USD,PCX
EET,ProShares Ultra MSCI Emerging Markets,Equities,Emerging Markets,ProShares,USD,PCX
EEV,ProShares UltraShort MSCI Emerging Markets,Equities,Emerging Markets,ProShares,USD,PCX
EFA,iShares MSCI EAFE ETF,Equities,Developed Markets,BlackRock Asset Management,USD,PCX
EFAS,Global X MSCI SuperDividend EAFE ETF,Uncategorized,Developed Markets,Global X Funds,USD,NGM
EFAX,SPDR MSCI EAFE Fossil Fuel Free ETF,Equities,Developed Markets,State Street Global Advisors,USD,PCX
EFIV,SPDR S&P 500 ESG ETF,Equities,Large Cap,State Street Global Advisors,USD,PCX
EFIX,First Trust TCW Emerging Markets Debt ETF,Fixed Income,High Yield Bonds,First Trust Advisors,USD,PCX
EFO,ProShares Ultra MSCI EAFE,Equities,Developed Markets,ProShares,USD,PCX
EFU,ProShares UltraShort MSCI EAFE,Equities,Developed Markets,ProShares,USD,PCX
EFZ,ProShares Short MSCI EAFE,Equities,Developed Markets,ProShares,USD,PCX
EGPT,VanEck Vectors Egypt Index ETF,Equities,Emerging Markets,VanEck Asset Management,USD,PCX
EIDO,iShares MSCI Indonesia ETF,Financials,Emerging Markets,BlackRock Asset Management,USD,PCX
EINC,VanEck Vectors Energy Income ETF,Energy,Energy,VanEck Asset Management,USD,PCX
EIRL,iShares MSCI Ireland ETF,Alternatives,Developed Markets,BlackRock Asset Management,USD,PCX
EIS,iShares MSCI Israel ETF,Alternatives,Developed Markets,BlackRock Asset Management,USD,PCX
EJAN,Innovator MSCI Emerging Markets Power Buffer ETF January,Alternatives,Emerging Markets,Innovator ETFs,USD,PCX
EJUL,Innovator MSCI Emerging Markets Power Buffer ETF - July,Alternatives,Emerging Markets,Innovator ETFs,USD,PCX
EKAR,Capital Link NextGen Vehicles & Technology ETF,Industrials,Technology,Innovation Shares,USD,PCX
ELD,WisdomTree Emerging Markets Local Debt Fund,Fixed Income,Emerging Markets,WisdomTree Asset Management,USD,PCX
EMAG,VanEck Vectors Emerging Markets Aggregate Bond ETF,Fixed Income,Corporate Bonds,VanEck Asset Management,USD,PCX
EMB,iShares J.P. Morgan USD Emerging Markets Bond ETF,Fixed Income,Government Bonds,BlackRock Asset Management,USD,NMS
EMBD,Global X Emerging Markets Bond ETF,Fixed Income,Government Bonds,Global X Funds,USD,PCX
EMBH,iShares Interest Rate Hedged Emerging Markets Bond ETF,Fixed Income,Government Bonds,BlackRock Asset Management,USD,PCX
EMCB,WisdomTree Emerging Markets Corporate Bond Fund,Fixed Income,Corporate Bonds,WisdomTree Asset Management,USD,NMS
EMFM,Global X Next Emerging & Frontier ETF,Equities,Emerging Markets,Global X Funds,USD,PCX
EMHC,SPDR Bloomberg Barclays Emerging Markets USD Bond ETF,Fixed Income,Government Bonds,State Street Global Advisors,USD,PCX
EMIF,iShares Emerging Markets Infrastructure ETF,Equities,Emerging Markets,BlackRock Asset Management,USD,NGM
EMLC,VanEck Vectors J.P. Morgan EM Local Currency Bond ETF,Fixed Income,Government Bonds,VanEck Asset Management,USD,PCX
EMLP,First Trust North American Energy Infrastructure Fund,Energy,Energy,First Trust Advisors,USD,PCX
EMMF,WisdomTree Emerging Markets Multifactor Fund,Uncategorized,Emerging Markets,WisdomTree Asset Management,USD,PCX
EMNT,PIMCO Enhanced Short Maturity Active ESG Exchange-Traded Fund,Fixed Income,Cash,PIMCO Global Advisors,USD,PCX
EMSG,Xtrackers MSCI Emerging Markets ESG Leaders Equity ETF,Financials,Emerging Markets,Xtrackers,USD,PCX
EMTY,ProShares Decline of the Retail Store ETF,Consumer Discretionary,Trading,ProShares,USD,PCX
EMXC,iShares MSCI Emerging Markets ex China ETF,Financials,Emerging Markets,BlackRock Asset Management,USD,NGM
EMXF,iShares ESG Advanced MSCI EM ETF,Financials,Emerging Markets,BlackRock Asset Management,USD,NGM
ENFR,Alerian Energy Infrastructure ETF,Energy,Energy,ALPS ETF Trust,USD,PCX
ENTR,ERShares Entrepreneur 30 ETF,Alternatives,Uncategorized,EntrepreneurShares,USD,PCX
ENZL,iShares MSCI New Zealand ETF,Alternatives,Developed Markets,BlackRock Asset Management,USD,NMS
EPHE,iShares MSCI Philippines ETF,Alternatives,Emerging Markets,BlackRock Asset Management,USD,PCX
EPI,WisdomTree India Earnings Fund,Alternatives,Emerging Markets,WisdomTree Asset Management,USD,PCX
EPOL,iShares MSCI Poland ETF,Alternatives,Emerging Markets,BlackRock Asset Management,USD,PCX
EPP,iShares MSCI Pacific ex Japan ETF,Alternatives,Developed Markets,BlackRock Asset Management,USD,PCX
EPS,WisdomTree U.S. Earnings 500 Fund,Alternatives,Large Cap,WisdomTree Asset Management,USD,PCX
EPU,iShares MSCI Peru ETF,Alternatives,Emerging Markets,BlackRock Asset Management,USD,PCX
EPV,ProShares UltraShort FTSE Europe,Alternatives,Developed Markets,ProShares,USD,PCX
EQAL,Invesco Russell 1000 Equal Weight ETF,Alternatives,Factors,Invesco Investment Management,USD,PCX
EQIN,Russell Equity Income ETF,Alternatives,Uncategorized,,USD,PCX
EQL,ALPS Equal Sector Weight ETF,Alternatives,Factors,ALPS ETF Trust,USD,PCX
EQOP,Natixis U.S. Equity Opportunities ETF,Alternatives,Uncategorized,Natixis Funds,USD,PCX
EQRR,ProShares Equities for Rising Rates ETF,Equities,Factors,ProShares,USD,NGM
EQWL,Invesco S&P 100 Equal Weight ETF,Equities,Factors,Invesco Investment Management,USD,PCX
ERX,Direxion Daily Energy Bull 2X Shares,Energy,Trading,Direxion Funds,USD,PCX
ERY,Direxion Daily Energy Bear 2X Shares,Energy,Trading,Direxion Funds,USD,PCX
ESGA,American Century Sustainable Equity ETF,Equities,Large Cap,American Century Investments,USD,PCX
ESGD,iShares ESG Aware MSCI EAFE ETF,Equities,Developed Markets,BlackRock Asset Management,USD,NGM
ESGE,iShares ESG Aware MSCI EM ETF,Equities,Emerging Markets,BlackRock Asset Management,USD,NMS
ESGN,Columbia Sustainable International Equity Income ETF,Equities,Developed Markets,Columbia Threadneedle,USD,PCX
ESGS,Columbia Sustainable U.S. Equity Income ETF,Equities,Large Cap,Columbia Threadneedle,USD,PCX
ESGU,iShares ESG Aware MSCI USA ETF,Equities,Developed Markets,BlackRock Asset Management,USD,NMS
ESNG,Direxion MSCI USA ESG - Leaders vs. Laggards ETF,Alternatives,Factors,Direxion Funds,USD,PCX
ESPO,VanEck Vectors Video Gaming and eSports ETF,Consumer Discretionary,Technology,VanEck Asset Management,USD,NGM
ETHO,Etho Climate Leadership U.S. ETF,Alternatives,Factors,AdvisorShares,USD,PCX
EUDG,WisdomTree Europe Quality Dividend Growth Fund,Financials,Growth,WisdomTree Asset Management,USD,PCX
EUFN,iShares MSCI Europe Financials ETF,Financials,Developed Markets,BlackRock Asset Management,USD,NGM
EUFX,ProShares Short Euro,Currencies,Trading,ProShares,USD,PCX
EUM,ProShares Short MSCI Emerging Markets,Equities,Emerging Markets,ProShares,USD,PCX
EUO,ProShares UltraShort Euro,Currencies,Trading,ProShares,USD,PCX
EURL,Direxion Daily FTSE Europe Bull 3X Shares,Derivatives,Trading,Direxion Funds,USD,PCX
EUSA,iShares MSCI USA Equal Weighted ETF,Equities,Factors,BlackRock Asset Management,USD,PCX
EUSB,iShares ESG Advanced Total USD Bond Market ETF,Fixed Income,Corporate Bonds,BlackRock Asset Management,USD,PCX
EUSC,WisdomTree Europe Hedged SmallCap Equity Fund,Equities,Small Cap,WisdomTree Asset Management,USD,PCX
EVLMC,Eaton Vance TABS 5-to-15 Year Laddered Municipal Bond NextShares,Fixed Income,Municipal Bonds,Eaton Vance,USD,NMS
EVSTC,Eaton Vance Stock NextShares,Equities,Uncategorized,Eaton Vance,USD,NMS
EVX,VanEck Vectors Environmental Services ETF,Equities,Industrials,VanEck Asset Management,USD,PCX
EWA,iShares MSCI Australia ETF,Equities,Developed Markets,BlackRock Asset Management,USD,PCX
EWC,iShares MSCI Canada ETF,Equities,Developed Markets,BlackRock Asset Management,USD,PCX
EWCO,Invesco S&P 500 Equal Weight Communication Services ETF,Equities,Communications,Invesco Investment Management,USD,PCX
EWD,iShares MSCI Sweden ETF,Equities,Developed Markets,BlackRock Asset Management,USD,PCX
EWEB,Global X Emerging Markets Internet & E-commerce ETF,Equities,Emerging Markets,Global X Funds,USD,NGM
EWG,iShares MSCI Germany ETF,Equities,Developed Markets,BlackRock Asset Management,USD,PCX
EWH,iShares MSCI Hong Kong ETF,Equities,Developed Markets,BlackRock Asset Management,USD,PCX
EWI,iShares MSCI Italy ETF,Equities,Developed Markets,BlackRock Asset Management,USD,PCX
EWJ,iShares MSCI Japan ETF,Equities,Developed Markets,BlackRock Asset Management,USD,PCX
EWJE,iShares MSCI Japan Equal Weighted ETF,Equities,Developed Markets,BlackRock Asset Management,USD,NGM
EWJV,iShares MSCI Japan Value ETF,Equities,Value,BlackRock Asset Management,USD,NGM
EWK,iShares MSCI Belgium ETF,Equities,Developed Markets,BlackRock Asset Management,USD,PCX
EWL,iShares MSCI Switzerland ETF,Equities,Developed Markets,BlackRock Asset Management,USD,PCX
EWM,iShares MSCI Malaysia ETF,Equities,Emerging Markets,BlackRock Asset Management,USD,PCX
EWMC,Invesco S&P MidCap 400 Equal Weight ETF,Equities,Mid Cap,Invesco Investment Management,USD,PCX
EWN,iShares MSCI Netherlands ETF,Equities,Developed Markets,BlackRock Asset Management,USD,PCX
EWO,iShares MSCI Austria ETF,Equities,Developed Markets,BlackRock Asset Management,USD,PCX
EWP,iShares MSCI Spain ETF,Equities,Developed Markets,BlackRock Asset Management,USD,PCX
EWQ,iShares MSCI France ETF,Equities,Developed Markets,BlackRock Asset Management,USD,PCX
EWRE,Invesco S&P 500 Equal Weight Real Estate ETF,Equities,REITs,Invesco Investment Management,USD,PCX
EWS,iShares MSCI Singapore ETF,Equities,Emerging Markets,BlackRock Asset Management,USD,PCX
EWSC,Invesco S&P SmallCap 600 Equal Weight ETF,Equities,Small Cap,Invesco Investment Management,USD,PCX
EWT,iShares MSCI Taiwan ETF,Equities,Emerging Markets,BlackRock Asset Management,USD,PCX
EWU,iShares MSCI United Kingdom ETF,Equities,Developed Markets,BlackRock Asset Management,USD,PCX
EWV,ProShares UltraShort MSCI Japan,Derivatives,Trading,ProShares,USD,PCX
EWW,iShares MSCI Mexico ETF,Equities,Emerging Markets,BlackRock Asset Management,USD,PCX
EWX,SPDR S&P Emerging Markets Small Cap ETF,Equities,Emerging Markets,State Street Global Advisors,USD,PCX
EWY,iShares MSCI South Korea ETF,Equities,Emerging Markets,BlackRock Asset Management,USD,PCX
EWZ,iShares MSCI Brazil ETF,Alternatives,Emerging Markets,BlackRock Asset Management,USD,PCX
EWZS,iShares MSCI Brazil Small-Cap ETF,Alternatives,Emerging Markets,BlackRock Asset Management,USD,NGM
EXI,iShares Global Industrials ETF,Industrials,Developed Markets,BlackRock Asset Management,USD,PCX
EZA,iShares MSCI South Africa ETF,Financials,Emerging Markets,BlackRock Asset Management,USD,PCX
EZJ,ProShares Ultra MSCI Japan,Financials,Developed Markets,ProShares,USD,PCX
EZM,WisdomTree U.S. MidCap Earnings Fund,Financials,Mid Cap,WisdomTree Asset Management,USD,PCX
FAAR,First Trust Alternative Absolute Return Strategy ETF,Alternatives,Uncategorized,First Trust Advisors,USD,NMS
FAB,First Trust Multi Cap Value AlphaDEX Fund,Financials,Value,First Trust Advisors,USD,NGM
FAD,First Trust Multi Cap Growth AlphaDEX Fund,Financials,Growth,First Trust Advisors,USD,NMS
FALN,iShares Fallen Angels USD Bond ETF,Fixed Income,High Yield Bonds,BlackRock Asset Management,USD,NGM
FAN,First Trust Global Wind Energy ETF,Energy,Developed Markets,First Trust Advisors,USD,PCX
FAS,Direxion Daily Financial Bull 3X Shares,Financials,Developed Markets,Direxion Funds,USD,PCX
FAZ,Direxion Daily Financial Bear 3X Shares,Financials,Developed Markets,Direxion Funds,USD,PCX
FBGX,UBS AG FI Enhanced Large Cap Growth ETN,Equities,Growth,UBS Asset Management,USD,PCX
FBND,Fidelity Total Bond ETF,Fixed Income,Corporate Bonds,Fidelity Investments,USD,PCX
FBT,First Trust NYSE Arca Biotechnology Index Fund,Health Care,Developed Markets,First Trust Advisors,USD,PCX
FBZ,First Trust Brazil AlphaDEX Fund,Uncategorized,Emerging Markets,First Trust Advisors,USD,NGM
FCA,First Trust China AlphaDEX Fund,Equities,Emerging Markets,First Trust Advisors,USD,NGM
FCAL,First Trust California Municipal High Income ETF,Fixed Income,Municipal Bonds,First Trust Advisors,USD,NMS
FCD,Focus Morningstar Consumer Defe,Uncategorized,Uncategorized,,,PCX
FCEF,First Trust CEF Income Opportunity ETF,Fixed Income,Developed Markets,First Trust Advisors,USD,NMS
FCG,First Trust Natural Gas ETF,Energy,Developed Markets,First Trust Advisors,USD,PCX
FCOM,Fidelity MSCI Communication Services Index ETF,Communication Services,Developed Markets,Fidelity Investments,USD,PCX
FCOR,Fidelity Corporate Bond ETF,Fixed Income,Corporate Bonds,Fidelity Investments,USD,PCX
FCVT,First Trust SSI Strategic Convertible Securities ETF,Alternatives,Derivatives,First Trust Advisors,USD,NMS
FDD,First Trust STOXX European Select Dividend Index Fund,Equities,Developed Markets,First Trust Advisors,USD,PCX
FDHY,Fidelity High Yield Factor ETF,Fixed Income,High Yield Bonds,Fidelity Investments,USD,PCX
FDIS,Fidelity MSCI Consumer Discretionary Index ETF,Consumer Discretionary,Consumer Discretionary,Fidelity Investments,USD,PCX
FDIV,First Trust Strategic Income ETF,Alternatives,Corporate Bonds,First Trust Advisors,USD,NMS
FDL,First Trust Morningstar Dividend Leaders Index Fund,Equities,Factors,First Trust Advisors,USD,PCX
FDLO,Fidelity Low Volatility Factor ETF,Equities,Factors,Fidelity Investments,USD,PCX
FDM,First Trust Dow Jones Select MicroCap Index Fund,Equities,Micro Cap,First Trust Advisors,USD,PCX
FDMO,Fidelity Momentum Factor ETF,Equities,Factors,Fidelity Investments,USD,PCX
FDN,First Trust Dow Jones Internet Index Fund,Information Technology,Technology,First Trust Advisors,USD,PCX
FDNI,First Trust Dow Jones International Internet ETF,Information Technology,Factors,First Trust Advisors,USD,NMS
FDT,First Trust Developed Markets Ex-US AlphaDEX Fund,Equities,Developed Markets,First Trust Advisors,USD,NMS
FDTS,First Trust Developed Markets ex-US Small Cap AlphaDEX Fund,Equities,Developed Markets,First Trust Advisors,USD,NGM
FDV,First Trust Capital Strength ETF,Equities,Uncategorized,First Trust Advisors,,PCX
FDVV,Fidelity High Dividend ETF,Equities,Factors,Fidelity Investments,USD,PCX
FEM,First Trust Emerging Markets AlphaDEX Fund,Equities,Emerging Markets,First Trust Advisors,USD,NMS
FEMB,First Trust Emerging Markets Local Currency Bond ETF,Fixed Income,Emerging Markets,First Trust Advisors,USD,NGM
FEMS,First Trust Emerging Markets Small Cap AlphaDEX Fund,Equities,Small Cap,First Trust Advisors,USD,NMS
FENY,Fidelity MSCI Energy Index ETF,Energy,Energy,Fidelity Investments,USD,PCX
FEP,First Trust Europe AlphaDEX Fund,Equities,Developed Markets,First Trust Advisors,USD,NMS
FEUL,Credit Suisse FI Enhanced Europe 50 Exchange Traded Notes (ETNs),Derivatives,Developed Markets,Credit Suisse Asset Management,USD,PCX
FEUZ,First Trust Eurozone AlphaDEX ETF,Uncategorized,Developed Markets,First Trust Advisors,USD,NGM
FEVR,Inspire Faithward Large Cap Momentum ESG ETF,Equities,Large Cap,Inspire,USD,PCX
FEX,First Trust Large Cap Core AlphaDEX Fund,Equities,Large Cap,First Trust Advisors,USD,NMS
FEZ,SPDR EURO STOXX 50 ETF,Equities,Large Cap,State Street Global Advisors,USD,PCX
FFIU,Fieldstone UVA Unconstrained Medium-Term Fixed Income ETF,Fixed Income,Corporate Bonds,Spinnaker ETF Trust,USD,PCX
FFR,First Trust FTSE EPRA/NAREIT Developed Markets Real Estate Index Fund,Real Estate,REITs,First Trust Advisors,USD,PCX
FFTY,Innovator IBD 50 ETF,Uncategorized,Growth,Innovator ETFs,USD,PCX
FGD,First Trust Dow Jones Global Select Dividend Index Fund,Equities,Developed Markets,First Trust Advisors,USD,PCX
FGM,First Trust Germany AlphaDEX Fund,Equities,Developed Markets,First Trust Advisors,USD,NGM
FHLC,Fidelity MSCI Health Care Index ETF,Health Care,Developed Markets,Fidelity Investments,USD,PCX
FICS,First Trust International Developed Cap Strength ETF,Equities,Developed Markets,First Trust Advisors,USD,NGM
FID,First Trust S&P International Dividend Aristocrats ETF,Equities,Developed Markets,First Trust Advisors,USD,NMS
FIDI,Fidelity International High Dividend ETF,Equities,Developed Markets,Fidelity Investments,USD,PCX
FIDU,Fidelity MSCI Industrials Index ETF,Industrials,Developed Markets,Fidelity Investments,USD,PCX
FIGB,Fidelity Investment Grade Bond ETF,Fixed Income,Investment Grade Bonds,Fidelity Investments,USD,PCX
FIHD,UBS AG FI Enhanced Global High Yield ETN,Derivatives,High Yield Bonds,UBS Asset Management,USD,PCX
FILL,iShares MSCI Global Energy Producers ETF,Energy,Developed Markets,BlackRock Asset Management,USD,PCX
FINX,Global X FinTech ETF,Financials,Developed Markets,Global X Funds,USD,NGM
FISR,SPDR SSGA Fixed Income Sector Rotation ETF,Fixed Income,Corporate Bonds,State Street Global Advisors,USD,PCX
FITE,SPDR S&P Kensho Future Security ETF,Industrials,Developed Markets,State Street Global Advisors,USD,PCX
FIVA,Fidelity International Value Factor ETF,Equities,Developed Markets,Fidelity Investments,USD,PCX
FIVG,Defiance 5G Next Gen Connectivity ETF,Communication Services,Developed Markets,Defiance ETFs,USD,PCX
FIW,First Trust Water ETF,Utilities,Developed Markets,First Trust Advisors,USD,PCX
FIXD,First Trust TCW Opportunistic Fixed Income ETF,Fixed Income,Corporate Bonds,First Trust Advisors,USD,NGM
FJNK,Pacific Global Focused High Yield ETF,Fixed Income,High Yield Bonds,Pacific Global,USD,PCX
FJP,First Trust Japan AlphaDEX Fund,Equities,Developed Markets,First Trust Advisors,USD,NMS
FKU,First Trust United Kingdom AlphaDEX Fund,Alternatives,Developed Markets,First Trust Advisors,USD,NMS
FLAU,Franklin FTSE Australia ETF,Alternatives,Developed Markets,Franklink Templeton Investments,USD,PCX
FLAX,Franklin FTSE Asia ex Japan ETF,Alternatives,Emerging Markets,Franklink Templeton Investments,USD,PCX
FLBR,Franklin FTSE Brazil ETF,Alternatives,Emerging Markets,Franklink Templeton Investments,USD,PCX
FLCA,Franklin FTSE Canada ETF,Alternatives,Developed Markets,Franklink Templeton Investments,USD,PCX
FLCB,Franklin Liberty US Core Bond ETF,Fixed Income,Investment Grade Bonds,Franklink Templeton Investments,USD,PCX
FLCO,Franklin Liberty Investment Grade Corporate ETF,Fixed Income,Investment Grade Bonds,Franklink Templeton Investments,USD,PCX
FLEE,Franklin FTSE Europe ETF,Alternatives,Developed Markets,Franklink Templeton Investments,USD,PCX
FLEH,Franklin FTSE Europe Hedged ETF,Alternatives,Developed Markets,Franklink Templeton Investments,USD,PCX
FLFR,Franklin FTSE France ETF,Alternatives,Developed Markets,Franklink Templeton Investments,USD,PCX
FLGB,Franklin FTSE United Kingdom ETF,Alternatives,Developed Markets,Franklink Templeton Investments,USD,PCX
FLGE,Credit Suisse FI Large Cap Growth Enhanced ETN,Derivatives,Growth,Credit Suisse Asset Management,USD,PCX
FLGR,Franklin FTSE Germany ETF,Alternatives,Developed Markets,Franklink Templeton Investments,USD,PCX
FLGV,Franklin Liberty U.S. Treasury Bond ETF,Fixed Income,Treasury Bonds,Franklink Templeton Investments,USD,PCX
FLHK,Franklin FTSE Hong Kong ETF,Alternatives,Emerging Markets,Franklink Templeton Investments,USD,PCX
FLIN,Franklin FTSE India ETF,Alternatives,Emerging Markets,Franklink Templeton Investments,USD,PCX
FLIY,Franklin FTSE Italy ETF,Alternatives,Developed Markets,Franklink Templeton Investments,USD,PCX
FLJH,Franklin FTSE Japan Hedged ETF,Alternatives,Developed Markets,Franklink Templeton Investments,USD,PCX
FLJP,Franklin FTSE Japan ETF,Alternatives,Developed Markets,Franklink Templeton Investments,USD,PCX
FLKR,Franklin FTSE South Korea ETF,Fixed Income,Emerging Markets,Franklink Templeton Investments,USD,PCX
FLLA,Franklin FTSE Latin America ETF,Fixed Income,Emerging Markets,Franklink Templeton Investments,USD,PCX
FLLV,Franklin Liberty U.S. Low Volatility ETF,Fixed Income,Large Cap,Franklink Templeton Investments,USD,PCX
FLM,First Trust Global Engineering and Construction ETF,Industrials,Industrials,First Trust Advisors,USD,PCX
FLMB,Franklin Liberty Federal Tax-Free Bond ETF,Fixed Income,Municipal Bonds,Franklink Templeton Investments,USD,PCX
FLMI,Franklin Liberty Intermediate Municipal Opportunities ETF,Fixed Income,Municipal Bonds,Franklink Templeton Investments,USD,PCX
FLMX,Franklin FTSE Mexico ETF,Fixed Income,Emerging Markets,Franklink Templeton Investments,USD,PCX
FLN,First Trust Latin America AlphaDEX Fund,Fixed Income,Emerging Markets,First Trust Advisors,USD,NMS
FLQD,Franklin LibertyQ Global Dividend ETF,Fixed Income,Developed Markets,Franklink Templeton Investments,USD,PCX
FLQE,Franklin LibertyQ Emerging Markets ETF,Fixed Income,Emerging Markets,Franklink Templeton Investments,USD,PCX
FLQG,Franklin LibertyQ Global Equity ETF,Fixed Income,Developed Markets,Franklink Templeton Investments,USD,PCX
FLQH,Franklin LibertyQ International Equity Hedged ETF,Fixed Income,Developed Markets,Franklink Templeton Investments,USD,PCX
FLRG,Fidelity U.S. Multifactor ETF,Fixed Income,Large Cap,Fidelity Investments,USD,PCX
FLRN,SPDR Bloomberg Barclays Investment Grade Floating Rate ETF,Fixed Income,Corporate Bonds,State Street Global Advisors,USD,PCX
FLRT,Pacific Global Senior Loan ETF,Fixed Income,High Yield Bonds,Pacific Global,USD,PCX
FLRU,Franklin FTSE Russia ETF,Fixed Income,Emerging Markets,Franklink Templeton Investments,USD,PCX
FLSA,Franklin FTSE Saudi Arabia ETF,Fixed Income,Emerging Markets,Franklink Templeton Investments,USD,PCX
FLSP,Franklin Liberty Systematic Style Premia ETF,Alternatives,Uncategorized,Franklink Templeton Investments,USD,PCX
FLSW,Franklin FTSE Switzerland ETF,Fixed Income,Developed Markets,Franklink Templeton Investments,USD,PCX
FLTB,Fidelity Limited Term Bond ETF,Fixed Income,Investment Grade Bonds,Fidelity Investments,USD,PCX
FLTR,VanEck Vectors Investment Grade Floating Rate ETF,Fixed Income,Corporate Bonds,VanEck Asset Management,USD,PCX
FLTW,Franklin FTSE Taiwan ETF,Fixed Income,Emerging Markets,Franklink Templeton Investments,USD,PCX
FLUD,Franklin Liberty Ultra Short Bond ETF,Fixed Income,Investment Grade Bonds,Franklink Templeton Investments,USD,PCX
FLZA,Franklin FTSE South Africa ETF,Equities,Emerging Markets,Franklink Templeton Investments,USD,PCX
FM,iShares MSCI Frontier and Select EM ETF,Equities,Frontier Markets,BlackRock Asset Management,USD,PCX
FMAT,Fidelity MSCI Materials Index ETF,Equities,Materials,Fidelity Investments,USD,PCX
FMB,First Trust Managed Municipal ETF,Equities,Municipal Bonds,First Trust Advisors,USD,NGM
FMF,First Trust Managed Futures Strategy Fund,Equities,Derivatives,First Trust Advisors,USD,PCX
FMHI,First Trust Municipal High Income ETF,Equities,Municipal Bonds,First Trust Advisors,USD,NMS
FMV,FaithShares Methodist Values ET,Equities,Uncategorized,,,PCX
FNCL,Fidelity MSCI Financials Index ETF,Financials,Mid Cap,Fidelity Investments,USD,PCX
FNDA,Schwab Fundamental U.S. Small Company Index ETF,Financials,Small Cap,Schwab ETFs,USD,PCX
FNDB,Schwab Fundamental U.S. Broad Market Index ETF,Financials,Blend,Schwab ETFs,USD,PCX
FNDC,Schwab Fundamental International Small Company Index ETF,Financials,Small Cap,Schwab ETFs,USD,PCX
FNDE,Schwab Fundamental Emerging Markets Large Company Index ETF,Financials,Emerging Markets,Schwab ETFs,USD,PCX
FNDF,Schwab Fundamental International Large Company Index ETF,Financials,Developed Markets,Schwab ETFs,USD,PCX
FNDX,Schwab Fundamental U.S. Large Company Index ETF,Financials,Large Cap,Schwab ETFs,USD,PCX
FNGD,MicroSectors FANG+ Index -3X Inverse Leveraged ETN,Derivatives,Trading,Microsectors,USD,PCX
FNGO,MicroSectors FANG+ Index 2X Leveraged ETN,Derivatives,Trading,Microsectors,USD,PCX
FNGS,MicroSectors FANG+ ETN,Derivatives,Technology,Microsectors,USD,PCX
FNGU,MicroSectors FANG+ Index 3X Leveraged ETN,Derivatives,Trading,Microsectors,USD,PCX
FNGZ,MicroSectors FANG+ Index -2X Inverse Leveraged ETN,Derivatives,Uncategorized,Microsectors,USD,PCX
FNI,First Trust Chindia ETF,Financials,Emerging Markets,First Trust Advisors,USD,PCX
FNK,First Trust Mid Cap Value AlphaDEX Fund,Financials,Mid Cap,First Trust Advisors,USD,NMS
FNX,First Trust Mid Cap Core AlphaDEX Fund,Financials,Mid Cap,First Trust Advisors,USD,NGM
FNY,First Trust Mid Cap Growth AlphaDEX Fund,Financials,Mid Cap,First Trust Advisors,USD,NGM
FORH,ETF Opportunities Trust - Formidable ETF,Financials,Blend,,USD,PCX
FOVL,iShares Focused Value Factor ETF,Financials,Value,BlackRock Asset Management,USD,PCX
FPA,First Trust Asia Pacific Ex-Japan AlphaDEX Fund,Alternatives,Developed Markets,First Trust Advisors,USD,NGM
FPE,First Trust Preferred Securities and Income ETF,Fixed Income,Corporate Bonds,First Trust Advisors,USD,PCX
FPX,First Trust US Equity Opportunities ETF,Equities,Large Cap,First Trust Advisors,USD,PCX
FPXE,First Trust IPOX Europe Equity Opportunities ETF,Equities,Developed Markets,First Trust Advisors,USD,NMS
FPXI,First Trust International Equity Opportunities ETF,Equities,Developed Markets,First Trust Advisors,USD,NGM
FQAL,Fidelity Quality Factor ETF,Equities,Large Cap,Fidelity Investments,USD,PCX
FRAK,VanEck Vectors Unconventional Oil & Gas ETF,Energy,Energy,VanEck Asset Management,USD,PCX
FREL,Fidelity MSCI Real Estate Index ETF,Real Estate,REITs,Fidelity Investments,USD,PCX
FRI,First Trust S&P REIT Index Fund,Real Estate,REITs,First Trust Advisors,USD,PCX
FRL,Focus Morningstar Real Estate I,Uncategorized,Uncategorized,,,PCX
FRLG,Large Cap Growth Index-Linked ETN due 2028,Equities,Growth,Credit Suisse Asset Management,USD,PCX
FRTY,Alger Mid Cap 40 ETF,Equities,Mid Cap,Alger,USD,PCX
FSEC,Fidelity Investment Grade Securitized ETF,Fixed Income,Investment Grade Bonds,Fidelity Investments,USD,PCX
FSMB,First Trust Short Duration Managed Municipal ETF,Fixed Income,Municipal Bonds,First Trust Advisors,USD,PCX
FSMD,Fidelity Small-Mid Multifactor ETF,Uncategorized,Small Cap,Fidelity Investments,USD,PCX
FSST,Fidelity Sustainable U.S. Equity ETF,Equities,Large Blend,Fidelity Investments,USD,PCX
FSTA,Fidelity MSCI Consumer Staples Index ETF,Consumer Staples,Developed Markets,Fidelity Investments,USD,PCX
FSZ,First Trust Switzerland AlphaDEX Fund,Equities,Developed Markets,First Trust Advisors,USD,NGM
FTA,First Trust Large Cap Value AlphaDEX Fund,Financials,Value,First Trust Advisors,USD,NMS
FTAG,First Trust Indxx Global Agriculture ETF,Materials,Value,First Trust Advisors,USD,NGM
FTC,First Trust Large Cap Growth AlphaDEX Fund,Information Technology,Large Cap,First Trust Advisors,USD,NMS
FTCS,First Trust Capital Strength ETF,Financials,Large Cap,First Trust Advisors,USD,NGM
FTEC,Fidelity MSCI Information Technology Index ETF,Information Technology,Technology,Fidelity Investments,USD,PCX
FTGC,First Trust Global Tactical Commodity Strategy Fund,Commodities,Commodities Broad Basket,First Trust Advisors,USD,NMS
FTHI,First Trust BuyWrite Income ETF,Financials,Large Cap,First Trust Advisors,USD,NMS
FTLB,First Trust Hedged BuyWrite Income ETF,Financials,Large Cap,First Trust Advisors,USD,NGM
FTLS,First Trust Long/Short Equity ETF,Financials,Blend,First Trust Advisors,USD,PCX
FTSD,Franklin Liberty Short Duration U.S. Government ETF,Fixed Income,Government Bonds,Franklink Templeton Investments,USD,PCX
FTSL,First Trust Senior Loan Fund,Fixed Income,High Yield Bonds,First Trust Advisors,USD,NGM
FTSM,First Trust Enhanced Short Maturity ETF,Fixed Income,Money Market Instruments,First Trust Advisors,USD,NGM
FTXD,First Trust Nasdaq Retail ETF,Consumer Discretionary,Consumer Discretionary,First Trust Advisors,USD,NMS
FTXG,First Trust Nasdaq Food & Beverage ETF,Consumer Staples,Consumer Staples,First Trust Advisors,USD,NGM
FTXH,First Trust Nasdaq Pharmaceuticals ETF,Health Care,Health Care,First Trust Advisors,USD,NGM
FTXL,First Trust Nasdaq Semiconductor ETF,Information Technology,Uncategorized,First Trust Advisors,USD,NGM
FTXN,First Trust Nasdaq Oil & Gas ETF,Energy,Uncategorized,First Trust Advisors,USD,NGM
FTXO,First Trust Nasdaq Bank ETF,Financials,Uncategorized,First Trust Advisors,USD,NMS
FTXR,First Trust Nasdaq Transportation ETF,Industrials,Uncategorized,First Trust Advisors,USD,NMS
FUE,ELEMENTS Linked to the MLCX Biofuels Index (Exchange Series) - Total Return,Commodities,Uncategorized,Elements,USD,PCX
FUMB,First Trust Ultra Short Duration Municipal ETF,Fixed Income,Municipal Bonds,First Trust Advisors,USD,PCX
FUTY,Fidelity MSCI Utilities Index ETF,Utilities,Utilities,Fidelity Investments,USD,PCX
FV,First Trust Dorsey Wright Focus 5 ETF,Equities,Developed Markets,First Trust Advisors,USD,NMS
FVAL,Fidelity Value Factor ETF,Equities,Value,Fidelity Investments,USD,PCX
FVC,First Trust Dorsey Wright Dynamic Focus 5 ETF,Equities,Factors,First Trust Advisors,USD,NGM
FVD,First Trust Value Line Dividend Index Fund,Equities,Value,First Trust Advisors,USD,PCX
FWDB,AdvisorShares FolioBeyond Smart Core Bond ETF,Fixed Income,Corporate Bonds,AdvisorShares,USD,PCX
FXA,Invesco CurrencyShares Australian Dollar Trust,Currencies,Currencies,Invesco Investment Management,USD,PCX
FXB,Invesco CurrencyShares British Pound Sterling Trust,Currencies,Currencies,Invesco Investment Management,USD,PCX
FXC,Invesco CurrencyShares Canadian Dollar Trust,Currencies,Currencies,Invesco Investment Management,USD,PCX
FXD,First Trust Consumer Discretionary AlphaDEX Fund,Consumer Discretionary,Consumer Discretionary,First Trust Advisors,USD,PCX
FXE,Invesco CurrencyShares Euro Currency Trust,Currencies,Currencies,Invesco Investment Management,USD,PCX
FXF,Invesco CurrencyShares Swiss Franc Trust,Currencies,Currencies,Invesco Investment Management,USD,PCX
FXG,First Trust Consumer Staples AlphaDEX Fund,Consumer Staples,Consumer Staples,First Trust Advisors,USD,PCX
FXH,First Trust Health Care AlphaDEX Fund,Health Care,Health Care,First Trust Advisors,USD,PCX
FXI,iShares China Large-Cap ETF,Information Technology,Large Cap,BlackRock Asset Management,USD,PCX
FXL,First Trust Technology AlphaDEX Fund,Information Technology,Technology,First Trust Advisors,USD,PCX
FXN,First Trust Energy AlphaDEX Fund,Energy,Energy,First Trust Advisors,USD,PCX
FXO,First Trust Financials AlphaDEX Fund,Financials,Financials,First Trust Advisors,USD,PCX
FXP,ProShares UltraShort FTSE China 50,Information Technology,Emerging Markets,ProShares,USD,PCX
FXR,First Trust Industrials/Producer Durables AlphaDEX Fund,Industrials,Industrials,First Trust Advisors,USD,PCX
FXU,First Trust Utilities AlphaDEX Fund,Utilities,Developed Markets,First Trust Advisors,USD,PCX
FXY,Invesco CurrencyShares Japanese Yen Trust,Currencies,Cash,Invesco Investment Management,USD,PCX
FXZ,First Trust Materials AlphaDEX Fund,Materials,Developed Markets,First Trust Advisors,USD,PCX
FYC,First Trust Small Cap Growth AlphaDEX Fund,Information Technology,Small Cap,First Trust Advisors,USD,NMS
FYT,First Trust Small Cap Value AlphaDEX Fund,Financials,Small Cap,First Trust Advisors,USD,NMS
FYX,First Trust Small Cap Core AlphaDEX Fund,Financials,Small Cap,First Trust Advisors,USD,NGM
GAL,SPDR SSgA Global Allocation ETF,Alternatives,Blend,State Street Global Advisors,USD,PCX
GAMR,Wedbush ETFMG Video Game Tech ETF,Information Technology,Technology,ETF Management,USD,PCX
GAZ,iPath Series B Bloomberg Natural Gas Subindex Total ReturnSM ETN,Commodities,Uncategorized,Barclays,USD,PCX
GBDV,Global Beta Smart Income ETF,Financials,Uncategorized,Global Beta,USD,PCX
GBF,iShares Government/Credit Bond ETF,Fixed Income,Bonds,BlackRock Asset Management,USD,PCX
GBGR,Global Beta Rising Stars ETF,Information Technology,Factors,Global Beta,USD,PCX
GBIL,Goldman Sachs Access Treasury 0-1 Year ETF,Fixed Income,Bonds,Goldman Sachs Asset Management,USD,PCX
GBLD,Invesco Exchange-Traded Fund Trust II - Invesco MSCI Green Building ETF,Industrials,Uncategorized,Invesco Investment Management,USD,PCX
GBLO,Global Beta Low Beta ETF,Equities,Factors,Global Beta,USD,PCX
GBUG,iPath Gold ETN,Commodities,Uncategorized,Barclays,USD,PCX
GCC,WisdomTree Continuous Commodity Index Fund,Commodities,Commodities Broad Basket,WisdomTree Asset Management,USD,PCX
GCOR,Goldman Sachs Access U.S. Aggregate Bond ETF,Fixed Income,Bonds,Goldman Sachs Asset Management,USD,PCX
GDMA,Alpha Architect Gdsdn Dynmc Mlt-Asst ETF,Alternatives,Uncategorized,Alpha Architect,USD,PCX
GDX,VanEck Vectors Gold Miners ETF,Materials,Materials,VanEck Asset Management,USD,PCX
GDXD,MicroSectors Gold Miners -3X Inverse Leveraged ETNs,Materials,Trading,Microsectors,USD,PCX
GDXJ,VanEck Vectors Junior Gold Miners ETF,Materials,Materials,VanEck Asset Management,USD,PCX
GDXU,MicroSectors Gold Miners 3X Leveraged ETNs,Materials,Trading,Microsectors,USD,PCX
GEM,Goldman Sachs ActiveBeta Emerging Markets Equity ETF,Alternatives,Emerging Markets,Goldman Sachs Asset Management,USD,PCX
GENY,Principal Millennials Index ETF,Alternatives,Developed Markets,Principal Funds,USD,NGM
GGRW,Gabelli Growth Innovators ETF,Alternatives,Growth,Gabelli,USD,PCX
GHYB,Goldman Sachs Access High Yield Corporate Bond ETF,Fixed Income,High Yield Bonds,Goldman Sachs Asset Management,USD,PCX
GIGB,Goldman Sachs Access Investment Grade Corporate Bond ETF,Fixed Income,Investment Grade Bonds,Goldman Sachs Asset Management,USD,PCX
GIGE,SoFi Gig Economy ETF,Information Technology,Growth,Sofi,USD,NGM
GII,SPDR S&P Global Infrastructure ETF,Utilities,Utilities,State Street Global Advisors,USD,PCX
GINN,Goldman Sachs Innovate Equity ETF,Information Technology,Growth,Goldman Sachs Asset Management,USD,PCX
GLCN,VanEck Vectors China Growth Leaders ETF,Alternatives,Growth,VanEck Asset Management,USD,PCX
GLD,SPDR Gold Shares,Commodities,Uncategorized,State Street Global Advisors,USD,PCX
GLDM,SPDR Gold MiniShares,Commodities,Uncategorized,State Street Global Advisors,USD,PCX
GLIF,AGFiQ Global Infrastructure ETF,Industrials,Utilities,AGF Investments,USD,PCX
GLIN,VanEck Vectors India Growth Leaders ETF,Alternatives,Growth,VanEck Asset Management,USD,PCX
GLL,ProShares UltraShort Gold,Commodities,Trading,ProShares,USD,PCX
GLRY,Inspire Faithward Mid Cap Momentum ESG ETF,Alternatives,Mid Cap,Inspire,USD,PCX
GLTR,Aberdeen Standard Physical Precious Metals Basket Shares ETF,Commodities,Uncategorized,Aberdeen Standard Investments,USD,PCX
GMF,SPDR S&P Emerging Asia Pacific ETF,Financials,Emerging Markets,State Street Global Advisors,USD,PCX
GMTA,GATX Corporation SR NT 2066,Fixed Income,Corporate Bonds,,USD,NYQ
GNAF,MicroSectors FANG+ Index Inverse ETN,Information Technology,Uncategorized,Microsectors,USD,PCX
GNMA,iShares GNMA Bond ETF,Fixed Income,Government Bonds,BlackRock Asset Management,USD,NGM
GNOM,Global X Genomics & Biotechnology ETF,Health Care,Uncategorized,Global X Funds,USD,NGM
GNR,SPDR S&P Global Natural Resources ETF,Materials,Materials,State Street Global Advisors,USD,PCX
GOAU,U.S. Global GO GOLD and Precious Metal Miners ETF,Materials,Materials,U.S. Global Investors,USD,PCX
GOEX,Global X Gold Explorers ETF,Materials,Materials,Global X Funds,USD,PCX
GQRE,FlexShares Global Quality Real Estate Index Fund,Real Estate,REITs,Flexshares Trust,USD,PCX
GREK,Global X MSCI Greece ETF,Equities,Emerging Markets,Global X Funds,USD,PCX
GRES,IQ Global Resources ETF,Materials,Materials,IndexIQ,USD,PCX
GRID,First Trust NASDAQ Clean Edge Smart Grid Infrastructure Index Fund,Industrials,Developed Markets,First Trust Advisors,USD,NGM
GRN,iPath Series B Carbon ETN,Commodities,Uncategorized,Barclays,USD,PCX
GRNB,VanEck Vectors Green Bond ETF,Fixed Income,Corporate Bonds,VanEck Asset Management,USD,PCX
GRU,ELEMENTS Linked to the MLCX Grains Index - Total Return,Commodities,Uncategorized,Elements,USD,PCX
GSEU,Goldman Sachs ActiveBeta Europe Equity ETF,Equities,Developed Markets,Goldman Sachs Asset Management,USD,PCX
GSG,iShares S&P GSCI Commodity-Indexed Trust,Commodities,Commodities Broad Basket,BlackRock Asset Management,USD,PCX
GSIE,Goldman Sachs ActiveBeta International Equity ETF,Equities,Developed Markets,Goldman Sachs Asset Management,USD,PCX
GSIG,Goldman Sachs Access Investment Grade Corporate 1-5 Year Bond ETF,Fixed Income,Investment Grade Bonds,Goldman Sachs Asset Management,USD,PCX
GSJY,Goldman Sachs ActiveBeta Japan Equity ETF,Equities,Developed Markets,Goldman Sachs Asset Management,USD,PCX
GSLC,Goldman Sachs ActiveBeta U.S. Large Cap Equity ETF,Equities,Large Cap,Goldman Sachs Asset Management,USD,PCX
GSP,iPath S&P GSCI Total Return Index ETN,Commodities,Commodities Broad Basket,USCF Investments,USD,PCX
GSPY,Gotham Enhanced 500 ETF,Equities,Large Cap,Gotham,USD,PCX
GSSC,Goldman Sachs ActiveBeta U.S. Small Cap Equity ETF,Equities,Small Cap,Goldman Sachs Asset Management,USD,PCX
GSY,Invesco Ultra Short Duration ETF,Fixed Income,Corporate Bonds,Invesco Investment Management,USD,PCX
GTO,Invesco Total Return Bond ETF,Fixed Income,Corporate Bonds,Invesco Investment Management,USD,PCX
GUNR,FlexShares Morningstar Global Upstream Natural Resources Index Fund,Materials,Emerging Markets,Flexshares Trust,USD,PCX
GURU,Global X Guru Index ETF,Equities,Blend,Global X Funds,USD,PCX
GUSH,Direxion Daily S&P Oil & Gas Exp. & Prod. Bull 2X Shares,Energy,Small Cap,Direxion Funds,USD,PCX
GVIP,Goldman Sachs Hedge Industry VIP ETF,Equities,Blend,Goldman Sachs Asset Management,USD,PCX
GWX,SPDR S&P International Small Cap ETF,Equities,Small Cap,State Street Global Advisors,USD,PCX
GXC,SPDR S&P China ETF,Equities,Emerging Markets,State Street Global Advisors,USD,PCX
GXF,Global X FTSE Nordic Region ETF,Equities,Developed Markets,Global X Funds,USD,PCX
GXG,Global X MSCI Colombia ETF,Equities,Emerging Markets,Global X Funds,USD,PCX
GXTG,Global X Thematic Growth ETF,Equities,Growth,Global X Funds,USD,NGM
GYLD,Arrow Dow Jones Global Yield ETF,Equities,Developed Markets,ArrowShares,USD,PCX
HACK,ETFMG Prime Cyber Security ETF,Information Technology,Technology,ETF Management,USD,PCX
HAIL,SPDR S&P Kensho Smart Mobility ETF,Industrials,Factors,State Street Global Advisors,USD,PCX
HAP,VanEck Vectors Natural Resources ETF,Materials,Materials,VanEck Asset Management,USD,PCX
HART,IQ Healthy Hearts ETF,Health Care,Health Care,IndexIQ,USD,PCX
HAUZ,Xtrackers International Real Estate ETF,Real Estate,Emerging Markets,Xtrackers,USD,PCX
HAWX,iShares Currency Hedged MSCI ACWI ex U.S. ETF,Financials,Developed Markets,BlackRock Asset Management,USD,PCX
HBTA,Russell 1000 High Beta ETF,Alternatives,Uncategorized,,USD,PCX
HCXZ,"Hercules Capital, Inc.",Financials,Uncategorized,,USD,NYQ
HDAW,Xtrackers MSCI All World ex US High Dividend Yield Hedged Equity ETF,Alternatives,Developed Markets,Xtrackers,USD,PCX
HDEF,Xtrackers MSCI EAFE High Dividend Yield Equity ETF,Alternatives,Developed Markets,Xtrackers,USD,PCX
HDG,ProShares Hedge Replication ETF,Alternatives,Uncategorized,ProShares,USD,PCX
HDGE,AdvisorShares Ranger Equity Bear ETF,Alternatives,Trading,AdvisorShares,USD,PCX
HDIV,QRAFT AI-Enhanced U.S. High Dividend ETF,Alternatives,Uncategorized,Exchange Traded Concepts,USD,PCX
HDLB,ETRACS Monthly Pay 2xLeveraged US High Dividend Low Volatility ETN Series B,Alternatives,Uncategorized,UBS Asset Management,USD,PCX
HDMV,First Trust Horizon Managed Volatility Developed International ETF,Alternatives,Developed Markets,First Trust Advisors,USD,PCX
HDRO,Defiance Next Gen H2 ETF,Energy,Uncategorized,Defiance ETFs,USD,PCX
HDV,iShares Core High Dividend ETF,Alternatives,Large Cap,BlackRock Asset Management,USD,PCX
HEDJ,WisdomTree Europe Hedged Equity Fund,Alternatives,Developed Markets,WisdomTree Asset Management,USD,PCX
HERD,Pacer Cash Cows Fund of Funds ETF,Alternatives,Uncategorized,Pacer,USD,NMS
HERO,Global X Video Games & Esports ETF,Information Technology,Uncategorized,Global X Funds,USD,NGM
HEWC,iShares Currency Hedged MSCI Canada ETF,Alternatives,Developed Markets,BlackRock Asset Management,USD,PCX
HEWG,iShares Currency Hedged MSCI Germany ETF,Alternatives,Developed Markets,BlackRock Asset Management,USD,NGM
HEWJ,iShares Currency Hedged MSCI Japan ETF,Alternatives,Developed Markets,BlackRock Asset Management,USD,PCX
HEWU,iShares Currency Hedged MSCI United Kingdom ETF,Alternatives,Developed Markets,BlackRock Asset Management,USD,PCX
HEWW,iShares Currency Hedged MSCI Mexico ETF,Alternatives,Emerging Markets,BlackRock Asset Management,USD,PCX
HEZU,iShares Currency Hedged MSCI Eurozone ETF,Alternatives,Developed Markets,BlackRock Asset Management,USD,PCX
HFXI,IQ 50 Percent Hedged FTSE International ETF,Equities,Developed Markets,IndexIQ,USD,PCX
HIBL,Direxion Daily S&P 500 High Beta Bull 3X Shares,Derivatives,Trading,Direxion Funds,USD,PCX
HIBS,Direxion Daily S&P 500 High Beta Bear 3X Shares,Derivatives,Trading,Direxion Funds,USD,PCX
HIPR,Direxion High Growth ETF,Equities,Growth,Direxion Funds,USD,PCX
HIPS,GraniteShares HIPS US High Income ETF,Financials,Equities,Graniteshares,USD,PCX
HJEN,Direxion Hydrogen ETF,Energy,Uncategorized,Direxion Funds,USD,PCX
HJPX,iShares Currency Hedged JPX-Nikkei 400 ETF,Alternatives,Developed Markets,BlackRock Asset Management,USD,PCX
HKND,Humankind US Stock ETF,Alternatives,Uncategorized,Humankind,USD,PCX
HLAL,Wahed FTSE USA Shariah ETF,Alternatives,Factors,Wahed Invest,USD,NMS
HLGE,Hartford Longevity Economy ETF,Alternatives,Health Care,Hartford Mutual Funds,USD,PCX
HMOP,Hartford Municipal Opportunities ETF,Fixed Income,Municipal Bonds,Hartford Mutual Funds,USD,PCX
HNDL,Strategy Shares Nasdaq 7 Handl Index ETF,Equities,Equities,Strategy Shares,USD,NGM
HOMZ,The Hoya Capital Housing ETF,Real Estate,Residential Real Estate,Hoya Capital Real Estate,USD,PCX
HSCZ,iShares Currency Hedged MSCI EAFE Small-Cap ETF,Financials,Small Cap,BlackRock Asset Management,USD,PCX
HSMV,First Trust Horizon Managed Volatility Small/Mid ETF,Financials,Small Cap,First Trust Advisors,USD,PCX
HTAB,Hartford Schroders Tax-Aware Bond ETF,Fixed Income,Corporate Bonds,Hartford Mutual Funds,USD,PCX
HTEC,Robo Global Healthcare Technology and Innovation ETF,Health Care,Health Care,Robo Global,USD,PCX
HTFA,Horizon Technology Finance Corporation 6.25% NT 22,Financials,Uncategorized,,USD,NYQ
HTRB,Hartford Total Return Bond ETF,Fixed Income,Corporate Bonds,Hartford Mutual Funds,USD,PCX
HTUS,Hull Tactical US ETF,Financials,Large Cap,Hull Tactical Funds,USD,PCX
HUSV,First Trust Horizon Managed Volatility Domestic ETF,Equities,Small Cap,First Trust Advisors,USD,PCX
HYBB,iShares BB Rated Corporate Bond ETF,Fixed Income,Corporate Bonds,BlackRock Asset Management,USD,PCX
HYDW,Xtrackers Low Beta High Yield Bond ETF,Fixed Income,High Yield Bonds,Xtrackers,USD,PCX
HYEM,VanEck Vectors Emerging Markets High Yield Bond ETF,Fixed Income,High Yield Bonds,VanEck Asset Management,USD,PCX
HYG,iShares iBoxx $ High Yield Corporate Bond ETF,Fixed Income,High Yield Bonds,BlackRock Asset Management,USD,PCX
HYGH,iShares Interest Rate Hedged High Yield Bond ETF,Fixed Income,High Yield Bonds,BlackRock Asset Management,USD,PCX
HYGV,FlexShares High Yield Value-Scored Bond Index Fund,Fixed Income,High Yield Bonds,Flexshares Trust,USD,PCX
HYLB,Xtrackers USD High Yield Corporate Bond ETF,Fixed Income,High Yield Bonds,Xtrackers,USD,PCX
HYLD,High Yield ETF,Fixed Income,High Yield Bonds,Peritus,USD,PCX
HYLS,First Trust Tactical High Yield ETF,Fixed Income,High Yield Bonds,First Trust Advisors,USD,NMS
HYLV,IQ S&P High Yield Low Volatility Bond ETF,Fixed Income,High Yield Bonds,IndexIQ,USD,PCX
HYMB,SPDR Nuveen Bloomberg Barclays High Yield Municipal Bond ETF,Fixed Income,Municipal Bonds,Nuveen,USD,PCX
HYS,PIMCO 0-5 Year High Yield Corporate Bond Index Exchange-Traded Fund,Fixed Income,High Yield Bonds,PIMCO Global Advisors,USD,PCX
HYTR,CP High Yield Trend ETF,Fixed Income,High Yield Bonds,Exchange Traded Concepts,USD,PCX
HYUP,Xtrackers High Beta High Yield Bond ETF,Fixed Income,High Yield Bonds,Xtrackers,USD,PCX
HYXF,iShares ESG Advanced High Yield Corporate Bond ETF,Fixed Income,High Yield Bonds,BlackRock Asset Management,USD,NGM
HYZD,WisdomTree Interest Rate Hedged High Yield Bond Fund,Fixed Income,High Yield Bonds,WisdomTree Asset Management,USD,NGM
IAI,iShares U.S. Broker-Dealers & Securities Exchanges ETF,Financials,Developed Markets,BlackRock Asset Management,USD,PCX
IAK,iShares U.S. Insurance ETF,Financials,Developed Markets,BlackRock Asset Management,USD,PCX
IAPR,Innovator MSCI EAFE Power Buffer ETF - April,Financials,Developed Markets,Innovator ETFs,USD,PCX
IAT,iShares U.S. Regional Banks ETF,Financials,Developed Markets,BlackRock Asset Management,USD,PCX
IAU,iShares Gold Trust,Commodities,Uncategorized,BlackRock Asset Management,USD,PCX
IBB,iShares Nasdaq Biotechnology ETF,Health Care,Developed Markets,BlackRock Asset Management,USD,NMS
IBBJ,Defiance Nasdaq Junior Biotechnology ETF,Health Care,Small Cap,Defiance ETFs,USD,NGM
IBBQ,Invesco Nasdaq Biotechnology ETF,Health Care,Developed Markets,Invesco Investment Management,USD,NMS
IBCE,iShares iBonds Mar 2023 Term Corporate ex-Financials ETF,Fixed Income,Corporate Bonds,BlackRock Asset Management,USD,PCX
IBD,Inspire Corporate Bond Impact ETF,Fixed Income,Corporate Bonds,Inspire,USD,PCX
IBDD,iShares iBonds Mar 2023 Term Corporate ETF,Fixed Income,Corporate Bonds,BlackRock Asset Management,USD,PCX
IBDM,iShares iBonds Dec 2021 Term Corporate ETF,Fixed Income,Corporate Bonds,BlackRock Asset Management,USD,PCX
IBDN,iShares iBonds Dec 2022 Term Corporate ETF,Fixed Income,Corporate Bonds,BlackRock Asset Management,USD,PCX
IBDO,iShares iBonds Dec 2023 Term Corporate ETF,Fixed Income,Corporate Bonds,BlackRock Asset Management,USD,PCX
IBDP,iShares iBonds Dec 2024 Term Corporate ETF,Fixed Income,Corporate Bonds,BlackRock Asset Management,USD,PCX
IBDQ,iShares iBonds Dec 2025 Term Corporate ETF,Fixed Income,Corporate Bonds,BlackRock Asset Management,USD,PCX
IBDR,iShares iBonds Dec 2026 Term Corporate ETF,Fixed Income,Corporate Bonds,BlackRock Asset Management,USD,PCX
IBDS,iShares iBonds Dec 2027 Term Corporate ETF,Fixed Income,Corporate Bonds,BlackRock Asset Management,USD,PCX
IBDT,iShares iBonds Dec 2028 Term Corporate ETF,Fixed Income,Corporate Bonds,BlackRock Asset Management,USD,PCX
IBDU,iShares iBonds Dec 2029 Term Corporate ETF,Fixed Income,Corporate Bonds,BlackRock Asset Management,USD,PCX
IBDV,iShares iBonds Dec 2030 Term Corporate ETF,Fixed Income,Corporate Bonds,BlackRock Asset Management,USD,PCX
IBMJ,iShares iBonds Dec 2021 Term Muni Bond ETF,Fixed Income,Municipal Bonds,BlackRock Asset Management,USD,PCX
IBMK,iShares iBonds Dec 2022 Term Muni Bond ETF,Fixed Income,Municipal Bonds,BlackRock Asset Management,USD,PCX
IBND,SPDR Bloomberg Barclays International Corporate Bond ETF,Fixed Income,Corporate Bonds,State Street Global Advisors,USD,PCX
IBTB,iShares iBonds Dec 2022 Term Treasury ETF,Fixed Income,Treasury Bonds,BlackRock Asset Management,USD,NMS
IBTD,iShares iBonds Dec 2023 Term Treasury ETF,Fixed Income,Treasury Bonds,BlackRock Asset Management,USD,NGM
IBTE,iShares iBonds Dec 2024 Term Treasury ETF,Fixed Income,Treasury Bonds,BlackRock Asset Management,USD,NMS
IBTF,iShares iBonds Dec 2025 Term Treasury ETF,Fixed Income,Treasury Bonds,BlackRock Asset Management,USD,NMS
IBTG,iShares iBonds Dec 2026 Term Treasury ETF,Fixed Income,Treasury Bonds,BlackRock Asset Management,USD,NMS
IBTH,iShares iBonds Dec 2027 Term Treasury ETF,Fixed Income,Treasury Bonds,BlackRock Asset Management,USD,NMS
IBTI,iShares iBonds Dec 2028 Term Treasury ETF,Fixed Income,Treasury Bonds,BlackRock Asset Management,USD,NGM
IBTJ,iShares iBonds Dec 2029 Term Treasury ETF,Fixed Income,Treasury Bonds,BlackRock Asset Management,USD,NGM
IBTK,iShares iBonds Dec 2030 Term Treasury ETF,Fixed Income,Treasury Bonds,BlackRock Asset Management,USD,NMS
IBUY,Amplify Online Retail ETF,Consumer Discretionary,Consumer Discretionary,Amplify ETFs,USD,PCX
ICLN,iShares Global Clean Energy ETF,Energy,Developed Markets,BlackRock Asset Management,USD,NGM
ICOL,iShares MSCI Colombia ETF,Equities,Emerging Markets,BlackRock Asset Management,USD,PCX
IDEV,iShares Core MSCI International Developed Markets ETF,Uncategorized,Developed Markets,BlackRock Asset Management,USD,PCX
IDHQ,Invesco S&P International Developed Quality ETF,Equities,Developed Markets,Invesco Investment Management,USD,PCX
IDIV,Metaurus U.S. Equity Cumulative Dividends Fund-Series 2027,Alternatives,Factors,Metaurus,USD,PCX
IDLB,Invesco FTSE International Low Beta Equal Weight ETF,Information Technology,Developed Markets,Invesco Investment Management,USD,NMS
IDLV,Invesco S&P International Developed Low Volatility ETF,Information Technology,Developed Markets,Invesco Investment Management,USD,PCX
IDMO,Invesco S&P International Developed Momentum ETF,Information Technology,Developed Markets,Invesco Investment Management,USD,PCX
IDNA,iShares Genomics Immunology and Healthcare ETF,Health Care,Uncategorized,BlackRock Asset Management,USD,PCX
IDOG,ALPS International Sector Dividend Dogs ETF,Financials,Developed Markets,ALPS ETF Trust,USD,PCX
IDRV,iShares Self-Driving EV and Tech ETF,Consumer Discretionary,Uncategorized,BlackRock Asset Management,USD,PCX
IDU,iShares U.S. Utilities ETF,Utilities,Utilities,BlackRock Asset Management,USD,PCX
IDX,VanEck Vectors Indonesia Index ETF,Information Technology,Emerging Markets,VanEck Asset Management,USD,PCX
IEF,iShares 7-10 Year Treasury Bond ETF,Fixed Income,Treasury Bonds,BlackRock Asset Management,USD,NMS
IEI,iShares 3-7 Year Treasury Bond ETF,Fixed Income,Treasury Bonds,BlackRock Asset Management,USD,NGM
IEMG,iShares Core MSCI Emerging Markets ETF,Financials,Emerging Markets,BlackRock Asset Management,USD,PCX
IEUR,iShares Core MSCI Europe ETF,Financials,Developed Markets,BlackRock Asset Management,USD,PCX
IEUS,iShares MSCI Europe Small-Cap ETF,Financials,Small Cap,BlackRock Asset Management,USD,NMS
IEV,iShares Europe ETF,Financials,Developed Markets,BlackRock Asset Management,USD,PCX
IEZ,iShares U.S. Oil Equipment & Services ETF,Energy,Developed Markets,BlackRock Asset Management,USD,PCX
IFGL,iShares International Developed Real Estate ETF,Real Estate,REITs,BlackRock Asset Management,USD,NGM
IFV,First Trust Dorsey Wright International Focus 5 ETF,Alternatives,Developed Markets,First Trust Advisors,USD,NGM
IG,Principal Investment Grade Corporate Active ETF,Fixed Income,Corporate Bonds,Principal Funds,USD,PCX
IGBH,iShares Interest Rate Hedged Long-Term Corporate Bond ETF,Fixed Income,Corporate Bonds,BlackRock Asset Management,USD,PCX
IGF,iShares Global Infrastructure ETF,Industrials,Utilities,BlackRock Asset Management,USD,NGM
IGIB,iShares 5-10 Year Investment Grade Corporate Bond ETF,Fixed Income,Investment Grade Bonds,BlackRock Asset Management,USD,NMS
IGLB,iShares 10+ Year Investment Grade Corporate Bond ETF,Fixed Income,Corporate Bonds,BlackRock Asset Management,USD,PCX
IGM,iShares Expanded Tech Sector ETF,Information Technology,Technology,BlackRock Asset Management,USD,PCX
IGN,iShares North American Tech-Multimedia Networking ETF,Information Technology,Uncategorized,BlackRock Asset Management,USD,PCX
IGOV,iShares International Treasury Bond ETF,Fixed Income,Government Bonds,BlackRock Asset Management,USD,NMS
IGSB,iShares 1-5 Year Investment Grade Corporate Bond ETF,Fixed Income,Investment Grade Bonds,BlackRock Asset Management,USD,NGM
IHAK,iShares Cybersecurity and Tech ETF,Information Technology,Uncategorized,BlackRock Asset Management,USD,PCX
IHDG,WisdomTree International Hedged Quality Dividend Growth Fund,Financials,Developed Markets,WisdomTree Asset Management,USD,PCX
IHE,iShares U.S. Pharmaceuticals ETF,Health Care,Health Care,BlackRock Asset Management,USD,PCX
IHF,iShares U.S. Healthcare Providers ETF,Health Care,Health Care,BlackRock Asset Management,USD,PCX
IHI,iShares U.S. Medical Devices ETF,Health Care,Health Care,BlackRock Asset Management,USD,PCX
IHY,VanEck Vectors International High Yield Bond ETF,Fixed Income,High Yield Bonds,VanEck Asset Management,USD,PCX
IHYF,Invesco High Yield Bond Factor ETF,Fixed Income,High Yield Bonds,Invesco Investment Management,USD,NMS
IIGD,Invesco Investment Grade Defensive ETF,Fixed Income,Investment Grade Bonds,Invesco Investment Management,USD,PCX
IIGV,Invesco Investment Grade Value ETF,Fixed Income,Investment Grade Bonds,Invesco Investment Management,USD,PCX
IJAN,Innovator MSCI EAFE Power Buffer ETF January,Equities,Developed Markets,Innovator ETFs,USD,PCX
IJH,iShares Core S&P Mid-Cap ETF,Financials,Mid Cap,BlackRock Asset Management,USD,PCX
IJJ,iShares S&P Mid-Cap 400 Value ETF,Financials,Value,BlackRock Asset Management,USD,PCX
IJK,iShares S&P Mid-Cap 400 Growth ETF,Financials,Growth,BlackRock Asset Management,USD,PCX
IJR,iShares Core S&P Small-Cap ETF,Financials,Small Cap,BlackRock Asset Management,USD,PCX
IJS,iShares S&P Small-Cap 600 Value ETF,Financials,Value,BlackRock Asset Management,USD,PCX
IJT,iShares S&P Small-Cap 600 Growth ETF,Financials,Growth,BlackRock Asset Management,USD,NGM
IJUL,Innovator MSCI EAFE Power Buffer ETF - July,Uncategorized,Developed Markets,Innovator ETFs,USD,PCX
ILCB,iShares Morningstar U.S. Equity ETF,Financials,Blend,BlackRock Asset Management,USD,PCX
ILCG,iShares Morningstar Growth ETF,Financials,Growth,BlackRock Asset Management,USD,PCX
ILCV,iShares Morningstar Value ETF,Financials,Value,BlackRock Asset Management,USD,PCX
ILF,iShares Latin America 40 ETF,Financials,Emerging Markets,BlackRock Asset Management,USD,PCX
ILTB,iShares Core 10+ Year USD Bond ETF,Fixed Income,Treasury Bonds,BlackRock Asset Management,USD,PCX
IMCB,iShares Morningstar Mid-Cap ETF,Financials,Mid Cap,BlackRock Asset Management,USD,PCX
IMCG,iShares Morningstar Mid-Cap Growth ETF,Financials,Growth,BlackRock Asset Management,USD,PCX
IMCV,iShares Morningstar Mid-Cap Value ETF,Financials,Value,BlackRock Asset Management,USD,NGM
IMTB,iShares Core 5-10 Year USD Bond ETF,Fixed Income,Corporate Bonds,BlackRock Asset Management,USD,PCX
IMTM,iShares MSCI Intl Momentum Factor ETF,Uncategorized,Developed Markets,BlackRock Asset Management,USD,PCX
INCO,Columbia India Consumer ETF,Consumer Staples,Emerging Markets,Columbia Threadneedle,USD,PCX
INDF,Nifty India Financials ETF,Financials,Emerging Markets,Principal Funds,USD,PCX
INDL,Direxion Daily MSCI India Bull 2x Shares,Equities,Emerging Markets,Direxion Funds,USD,PCX
INDS,Pacer Benchmark Industrial Real Estate SCTR ETF,Real Estate,REITs,Pacer,USD,PCX
INDY,iShares India 50 ETF,Equities,Emerging Markets,BlackRock Asset Management,USD,NGM
INFL,Horizon Kinetics Inflation Beneficiaries ETF,Alternatives,Blend,Horizon Kinetics,USD,PCX
INFR,Legg Mason Global Infrastructure ETF,Utilities,Developed Markets,Legg Mason Global Asset Management,USD,NMS
INMU,BlackRock Intermediate Muni Income Bond ETF,Fixed Income,Municipal Bonds,BlackRock Asset Management,USD,PCX
INTF,iShares Edge MSCI Multifactor Intl ETF,Equities,Developed Markets,BlackRock Asset Management,USD,PCX
IOO,iShares Global 100 ETF,Uncategorized,Large Cap,BlackRock Asset Management,USD,PCX
IPAC,iShares Core MSCI Pacific ETF,Equities,Developed Markets,BlackRock Asset Management,USD,PCX
IPAY,ETFMG Prime Mobile Payments ETF,Information Technology,Uncategorized,ETF Management,USD,PCX
IPKW,Invesco International BuyBack Achievers ETF,Financials,Developed Markets,Invesco Investment Management,USD,NGM
IPO,Renaissance IPO ETF,Financials,Developed Markets,Renaissance Capital,USD,PCX
IPOS,Renaissance International IPO ETF,Equities,Developed Markets,Renaissance Capital,USD,PCX
IQDE,FlexShares International Quality Dividend Defensive Index Fund,Equities,Developed Markets,Flexshares Trust,USD,PCX
IQDF,FlexShares International Quality Dividend Index Fund,Equities,Developed Markets,Flexshares Trust,USD,PCX
IQDY,FlexShares International Quality Dividend Dynamic Index Fund,Equities,Developed Markets,Flexshares Trust,USD,PCX
IQIN,IQ 500 International ETF,Equities,Developed Markets,IndexIQ,USD,PCX
IQLT,iShares MSCI Intl Quality Factor ETF,Equities,Developed Markets,BlackRock Asset Management,USD,PCX
IQSI,IQ Candriam ESG International Equity ETF,Equities,Developed Markets,Candriam Lux,USD,PCX
IQSU,IQ Candriam ESG US Equity ETF,Equities,Developed Markets,Candriam Lux,USD,PCX
IRBO,iShares Robotics and Artificial Intelligence Multisector ETF,Equities,Developed Markets,BlackRock Asset Management,USD,PCX
ISCB,iShares Morningstar Small-Cap ETF,Financials,Small Cap,BlackRock Asset Management,USD,PCX
ISCF,iShares MSCI Intl Small-Cap Multifactor ETF,Financials,Small Cap,BlackRock Asset Management,USD,PCX
ISCG,iShares Morningstar Small-Cap Growth ETF,Financials,Small Cap,BlackRock Asset Management,USD,PCX
ISCV,iShares Morningstar Small-Cap Value ETF,Financials,Small Cap,BlackRock Asset Management,USD,PCX
ISDX,Invesco RAFI Strategic Developed ex-US ETF,Financials,Developed Markets,Invesco Investment Management,USD,NMS
ISEM,Invesco RAFI Strategic Emerging Markets ETF,Information Technology,Emerging Markets,Invesco Investment Management,USD,NMS
ISHG,iShares 1-3 Year International Treasury Bond ETF,Fixed Income,Government Bonds,BlackRock Asset Management,USD,NMS
ISMD,Inspire Small/Mid Cap Impact ETF,Information Technology,Small Cap,Inspire,USD,PCX
ISRA,VanEck Vectors Israel ETF,Information Technology,Emerging Markets,VanEck Asset Management,USD,PCX
ISTB,iShares Core 1-5 Year USD Bond ETF,Fixed Income,Corporate Bonds,BlackRock Asset Management,USD,NGM
ISWN,Amplify BlackSwan ISWN ETF,Alternatives,Blend,Amplify ETFs,USD,PCX
ISZE,iShares MSCI Intl Size Factor ETF,Alternatives,Large Cap,BlackRock Asset Management,USD,PCX
ITEQ,BlueStar Israel Technology ETF,Information Technology,Emerging Markets,Exchange Traded Concepts,USD,PCX
ITOT,iShares Core S&P Total U.S. Stock Market ETF,Alternatives,Large Cap,BlackRock Asset Management,USD,PCX
IUS,Invesco RAFI Strategic US ETF,Alternatives,Developed Markets,Invesco Investment Management,USD,NMS
IUSB,iShares Core Total USD Bond Market ETF,Fixed Income,Corporate Bonds,BlackRock Asset Management,USD,NGM
IUSG,iShares Core S&P U.S. Growth ETF,Financials,Growth,BlackRock Asset Management,USD,NGM
IUSS,Invesco RAFI Strategic US Small Company ETF,Equities,Small Cap,Invesco Investment Management,USD,NMS
IUSV,iShares Core S&P U.S. Value ETF,Equities,Value,BlackRock Asset Management,USD,NGM
IVE,iShares S&P 500 Value ETF,Equities,Value,BlackRock Asset Management,USD,PCX
IVES,Wedbush ETFMG Global Cloud Technology ETF,Equities,Uncategorized,ETF Management,USD,PCX
IVLU,iShares Edge MSCI Intl Value Factor ETF,Equities,Value,BlackRock Asset Management,USD,PCX
IVOG,Vanguard S&P Mid-Cap 400 Growth Index Fund ETF Shares,Equities,Growth,Vanguard Asset Management,USD,PCX
IVOL,Quadratic Interest Rate Volatility and Inflation Hedge ETF New,Equities,Inflation-Protected Securities,Exchange Traded Concepts,USD,PCX
IVOO,Vanguard S&P Mid-Cap 400 Index Fund ETF Shares,Equities,Mid Cap,Vanguard Asset Management,USD,PCX
IVOV,Vanguard S&P Mid-Cap 400 Value Index Fund ETF Shares,Equities,Value,Vanguard Asset Management,USD,PCX
IVV,iShares Core S&P 500 ETF,Equities,Large Cap,BlackRock Asset Management,USD,PCX
IVW,iShares S&P 500 Growth ETF,Equities,Growth,BlackRock Asset Management,USD,PCX
IWB,iShares Russell 1000 ETF,Equities,Large Cap,BlackRock Asset Management,USD,PCX
IWC,iShares Micro-Cap ETF,Equities,Micro Cap,BlackRock Asset Management,USD,PCX
IWD,iShares Russell 1000 Value ETF,Equities,Value,BlackRock Asset Management,USD,PCX
IWF,iShares Russell 1000 Growth ETF,Equities,Growth,BlackRock Asset Management,USD,PCX
IWFH,iShares Virtual Work and Life Multisector ETF,Equities,Growth,BlackRock Asset Management,USD,PCX
IWFL,ETRACS 2x Leveraged US Growth Factor TR ETN,Derivatives,Growth,Credit Suisse Asset Management,USD,PCX
IWL,iShares Russell Top 200 ETF,Equities,Large Cap,BlackRock Asset Management,USD,PCX
IWM,iShares Russell 2000 ETF,Equities,Small Cap,BlackRock Asset Management,USD,PCX
IWML,ETRACS 2x Leveraged US Size Factor TR ETN,Derivatives,Small Cap,Credit Suisse Asset Management,USD,PCX
IWN,iShares Russell 2000 Value ETF,Equities,Value,BlackRock Asset Management,USD,PCX
IWO,iShares Russell 2000 Growth ETF,Equities,Growth,BlackRock Asset Management,USD,PCX
IWP,iShares Russell Mid-Cap Growth ETF,Equities,Growth,BlackRock Asset Management,USD,PCX
IWR,iShares Russell Mid-Cap ETF,Equities,Mid Cap,BlackRock Asset Management,USD,PCX
IWS,iShares Russell Mid-Cap Value ETF,Equities,Value,BlackRock Asset Management,USD,PCX
IWV,iShares Russell 3000 ETF,Equities,Blend,BlackRock Asset Management,USD,PCX
IWX,iShares Russell Top 200 Value ETF,Equities,Value,BlackRock Asset Management,USD,PCX
IWY,iShares Russell Top 200 Growth ETF,Equities,Growth,BlackRock Asset Management,USD,PCX
IXC,iShares Global Energy ETF,Energy,Energy,BlackRock Asset Management,USD,PCX
IXG,iShares Global Financials ETF,Financials,Financials,BlackRock Asset Management,USD,PCX
IXJ,iShares Global Healthcare ETF,Health Care,Health Care,BlackRock Asset Management,USD,PCX
IXN,iShares Global Tech ETF,Information Technology,Technology,BlackRock Asset Management,USD,PCX
IXP,iShares Global Comm Services ETF,Communication Services,Communications,BlackRock Asset Management,USD,PCX
IXSE,WisdomTree India ex-State-Owned Enterprises Fund,Equities,Emerging Markets,WisdomTree Asset Management,USD,PCX
IXUS,iShares Core MSCI Total International Stock ETF,Equities,Factors,BlackRock Asset Management,USD,NMS
IYC,iShares U.S. Consumer Services ETF,Consumer Discretionary,Consumer Discretionary,BlackRock Asset Management,USD,PCX
IYE,iShares U.S. Energy ETF,Energy,Energy,BlackRock Asset Management,USD,PCX
IYF,iShares U.S. Financials ETF,Financials,Financials,BlackRock Asset Management,USD,PCX
IYG,iShares U.S. Financial Services ETF,Financials,Financials,BlackRock Asset Management,USD,PCX
IYH,iShares U.S. Healthcare ETF,Health Care,Health Care,BlackRock Asset Management,USD,PCX
IYK,iShares U.S. Consumer Goods ETF,Consumer Staples,Consumer Staples,BlackRock Asset Management,USD,PCX
IYM,iShares U.S. Basic Materials ETF,Materials,Materials,BlackRock Asset Management,USD,PCX
IYR,iShares U.S. Real Estate ETF,Real Estate,REITs,BlackRock Asset Management,USD,PCX
IYW,iShares U.S. Technology ETF,Information Technology,Technology,BlackRock Asset Management,USD,PCX
IYY,iShares Dow Jones U.S. ETF,Equities,Factors,BlackRock Asset Management,USD,PCX
JAAA,Janus Henderson AAA CLO ETF,Fixed Income,Corporate Bonds,Janus Henderson,USD,PCX
JAGG,JPMorgan U.S. Aggregate Bond ETF,Fixed Income,Corporate Bonds,JPMorgan Asset Management,USD,PCX
JCTR,JPMorgan Carbon Transition U.S. Equity ETF,Information Technology,Developed Markets,JPMorgan Asset Management,USD,PCX
JDIV,JPMorgan U.S. Dividend ETF,Financials,Developed Markets,JPMorgan Asset Management,USD,PCX
JDST,Direxion Daily Junior Gold Miners Index Bear 2X Shares,Materials,Small Cap,Direxion Funds,USD,PCX
JEPI,JPMorgan Equity Premium Income ETF,Financials,Developed Markets,JPMorgan Asset Management,USD,PCX
JETS,U.S. Global Jets ETF,Industrials,Developed Markets,U.S. Global Investors,USD,PCX
JGLD,Amplify Pure Junior Gold Miners ETF,Commodities,Small Cap,Amplify ETFs,USD,PCX
JHCB,John Hancock Corporate Bond ETF,Fixed Income,Corporate Bonds,John Hancock,USD,PCX
JHCS,John Hancock Multifactor Media and Communications ETF,Communication Services,Developed Markets,John Hancock,USD,PCX
JHEM,John Hancock Multifactor Emerging Markets ETF,Alternatives,Emerging Markets,John Hancock,USD,PCX
JHMA,John Hancock Multifactor Materials ETF,Materials,Developed Markets,John Hancock,USD,PCX
JHMC,John Hancock Multifactor Consumer Discretionary ETF,Consumer Discretionary,Developed Markets,John Hancock,USD,PCX
JHMD,John Hancock Multifactor Developed International ETF,Alternatives,Developed Markets,John Hancock,USD,PCX
JHME,John Hancock Multifactor Energy ETF,Energy,Developed Markets,John Hancock,USD,PCX
JHMF,John Hancock Multifactor Financials ETF,Financials,Developed Markets,John Hancock,USD,PCX
JHMH,John Hancock Multifactor Health Care ETF,Health Care,Developed Markets,John Hancock,USD,PCX
JHMI,John Hancock Multifactor Industrials ETF,Industrials,Developed Markets,John Hancock,USD,PCX
JHML,John Hancock Multifactor Large Cap ETF,Alternatives,Large Cap,John Hancock,USD,PCX
JHMM,John Hancock Multifactor Mid Cap ETF,Alternatives,Mid Cap,John Hancock,USD,PCX
JHMS,John Hancock Multifactor Consumer Staples ETF,Consumer Staples,Developed Markets,John Hancock,USD,PCX
JHMT,John Hancock Multifactor Technology ETF,Information Technology,Developed Markets,John Hancock,USD,PCX
JHMU,John Hancock Multifactor Utilities ETF,Utilities,Developed Markets,John Hancock,USD,PCX
JHSC,John Hancock Multifactor Small Cap ETF,Alternatives,Small Cap,John Hancock,USD,PCX
JIG,JPMorgan International Growth ETF,Alternatives,Developed Markets,JPMorgan Asset Management,USD,PCX
JIGB,JPMorgan Corporate Bond Research Enhanced ETF,Fixed Income,Corporate Bonds,JPMorgan Asset Management,USD,PCX
JJA,iPath Series B Bloomberg Agriculture Subindex Total Return ETN,Commodities,Uncategorized,Barclays,USD,PCX
JJC,iPath Series B Bloomberg Copper Subindex Total Return ETN,Commodities,Uncategorized,Barclays,USD,PCX
JJE,iPath Series B Bloomberg Energy Subindex Total Return ETN,Commodities,Uncategorized,Barclays,USD,PCX
JJG,iPath Series B Bloomberg Grains Subindex Total Return ETN,Commodities,Uncategorized,Barclays,USD,PCX
JJM,iPath Series B Bloomberg Industrial Metals Subindex Total Return ETN,Commodities,Uncategorized,Barclays,USD,PCX
JJN,iPath Series B Bloomberg Nickel Subindex Total Return ETN,Commodities,Uncategorized,Barclays,USD,PCX
JJP,iPath Series B Bloomberg Precious Metals Subindex Total Return ETN,Commodities,Uncategorized,Barclays,USD,PCX
JJS,iPath Series B Bloomberg Softs Subindex Total Return ETN,Commodities,Commodities Broad Basket,Barclays,USD,PCX
JJT,iPath Series B Bloomberg Tin Subindex Total Return ETN,Commodities,Uncategorized,Barclays,USD,PCX
JJU,iPath Series B Bloomberg Aluminum Subindex Total Return ETN,Commodities,Uncategorized,Barclays,USD,PCX
JKD,iShares Morningstar U.S. Equity ETF,Alternatives,Blend,BlackRock Asset Management,USD,PCX
JKE,iShares Morningstar Growth ETF,Alternatives,Growth,BlackRock Asset Management,USD,PCX
JKF,iShares Morningstar Value ETF,Alternatives,Value,BlackRock Asset Management,USD,PCX
JKG,iShares Morningstar Mid-Cap ETF,Alternatives,Mid Cap,BlackRock Asset Management,USD,PCX
JKH,iShares Morningstar Mid-Cap Growth ETF,Alternatives,Mid Cap,BlackRock Asset Management,USD,PCX
JKI,iShares Morningstar Mid-Cap Value ETF,Alternatives,Mid Cap,BlackRock Asset Management,USD,NMS
JKJ,iShares Morningstar Small-Cap ETF,Alternatives,Small Cap,BlackRock Asset Management,USD,PCX
JKK,iShares Morningstar Small-Cap Growth ETF,Alternatives,Small Cap,BlackRock Asset Management,USD,PCX
JKL,iShares Morningstar Small-Cap Value ETF,Alternatives,Small Cap,BlackRock Asset Management,USD,PCX
JMBS,Janus Henderson Mortgage-Backed Securities ETF,Fixed Income,Bonds,Janus Henderson,USD,PCX
JMIN,JPMorgan U.S. Minimum Volatility ETF,Alternatives,Large Cap,JPMorgan Asset Management,USD,PCX
JMOM,JPMorgan U.S. Momentum Factor ETF,Alternatives,Large Cap,JPMorgan Asset Management,USD,PCX
JMPNL,JMP Group LLC - 7.25% Senior No,Fixed Income,Corporate Bonds,,USD,NMS
JNK,SPDR Bloomberg Barclays High Yield Bond ETF,Fixed Income,High Yield Bonds,State Street Global Advisors,USD,PCX
JNUG,Direxion Daily Junior Gold Miners Index Bull 2X Shares,Materials,Trading,Direxion Funds,USD,PCX
JO,iPath Series B Bloomberg Coffee Subindex Total Return ETN,Commodities,Commodities Broad Basket,Barclays,USD,PCX
JOET,Virtus Terranova U.S. Quality Momentum ETF,Alternatives,Uncategorized,Virtus,USD,NGM
JPEM,JPMorgan Diversified Return Emerging Markets Equity ETF,Financials,Emerging Markets,JPMorgan Asset Management,USD,PCX
JPIN,JPMorgan Diversified Return International Equity ETF,Financials,Developed Markets,JPMorgan Asset Management,USD,PCX
JPMB,JPMorgan USD Emerging Markets Sovereign Bond ETF,Fixed Income,Emerging Markets,JPMorgan Asset Management,USD,PCX
JPME,JPMorgan Diversified Return U.S. Mid Cap Equity ETF,Alternatives,Mid Cap,JPMorgan Asset Management,USD,PCX
JPN,Xtrackers Japan JPX-Nikkei 400 Equity ETF,Alternatives,Developed Markets,Xtrackers,USD,PCX
JPSE,JPMorgan Diversified Return U.S. Small Cap Equity ETF,Alternatives,Small Cap,JPMorgan Asset Management,USD,PCX
JPUS,JPMorgan Diversified Return U.S. Equity ETF,Alternatives,Large Cap,JPMorgan Asset Management,USD,PCX
JPXN,iShares JPX-Nikkei 400 ETF,Alternatives,Developed Markets,BlackRock Asset Management,USD,PCX
JQUA,JPMorgan U.S. Quality Factor ETF,Alternatives,Large Cap,JPMorgan Asset Management,USD,PCX
JSCP,JPMorgan Short Duration Core Plus ETF,Fixed Income,Corporate Bonds,JPMorgan Asset Management,USD,PCX
JSMD,Janus Henderson Small/Mid Cap Growth Alpha ETF,Equities,Mid Cap,Janus Henderson,USD,NGM
JSML,Janus Henderson Small Cap Growth Alpha ETF,Equities,Small Cap,Janus Henderson,USD,NGM
JSTC,Adasina Social Justice All Cap Global ETF,Uncategorized,Blend,Adasina,USD,PCX
JVAL,JPMorgan U.S. Value Factor ETF,Equities,Value,JPMorgan Asset Management,USD,PCX
JXI,iShares Global Utilities ETF,Utilities,Utilities,BlackRock Asset Management,USD,PCX
KALL,KraneShares MSCI All China Index ETF,Alternatives,Emerging Markets,KraneShares,USD,PCX
KARS,KraneShares Electric Vehicles and Future Mobility Index ETF,Alternatives,Growth,KraneShares,USD,PCX
KBA,KraneShares Bosera MSCI China A ETF,Alternatives,Emerging Markets,KraneShares,USD,PCX
KBE,SPDR S&P Bank ETF,Financials,Developed Markets,State Street Global Advisors,USD,PCX
KBUY,KraneShares MSCI All China Consumer Discretionary Index ETF,Consumer Discretionary,Emerging Markets,KraneShares,USD,PCX
KBWB,Invesco KBW Bank ETF,Financials,Developed Markets,Invesco Investment Management,USD,NMS
KBWD,Invesco KBW High Dividend Yield Financial ETF,Financials,Developed Markets,Invesco Investment Management,USD,NMS
KBWP,Invesco KBW Property & Casualty Insurance ETF,Financials,Developed Markets,Invesco Investment Management,USD,NGM
KBWR,Invesco KBW Regional Banking ETF,Financials,Developed Markets,Invesco Investment Management,USD,NGM
KBWY,Invesco KBW Premium Yield Equity REIT ETF,Real Estate,REITs,Invesco Investment Management,USD,NGM
KCCB,KraneShares CCBS China Corporate High Yield Bond USD Index ETF,Fixed Income,High Yield Bonds,KraneShares,USD,PCX
KCE,SPDR S&P Capital Markets ETF,Financials,Developed Markets,State Street Global Advisors,USD,PCX
KDFI,KFA Dynamic Fixed Income ETF,Fixed Income,High Yield Bonds,KraneShares,USD,PCX
KEJI,Global X China Innovation ETF,Information Technology,Emerging Markets,Global X Funds,USD,NMS
KEMQ,KraneShares FTSE Emerging Markets Consumer Technology Index ETF,Information Technology,Emerging Markets,KraneShares,USD,PCX
KEMX,KraneShares MSCI Emerging Markets ex China Index ETF,Alternatives,Emerging Markets,KraneShares,USD,PCX
KESG,KraneShares MSCI China ESG Leaders Index ETF,Alternatives,Emerging Markets,KraneShares,USD,PCX
KFVG,KraneShares CICC China 5G & Semiconductor Index ETF,Information Technology,Emerging Markets,KraneShares,USD,PCX
KFYP,KraneShares CICC China Leaders 100 Index ETF,Alternatives,Emerging Markets,KraneShares,USD,PCX
KGRN,KraneShares MSCI China Clean Technology ETF,Information Technology,Emerging Markets,KraneShares,USD,PCX
KIE,SPDR S&P Insurance ETF,Financials,Developed Markets,State Street Global Advisors,USD,PCX
KLCD,KFA Large Cap Quality Dividend Index ETF,Alternatives,Large Cap,KraneShares,USD,PCX
KLDW,Knowledge Leaders Developed World ETF,Alternatives,Developed Markets,Knowledge Leaders Capital,USD,PCX
KMED,KraneShares Emerging Markets Healthcare Index ETF,Health Care,Emerging Markets,KraneShares,USD,PCX
KMLM,KFA Mount Lucas Index Strategy ETF,Alternatives,Derivatives,KraneShares,USD,PCX
KOIN,Capital Link NextGen Protocol ETF,Information Technology,Technology,Innovation Shares,USD,PCX
KOKU,Xtrackers MSCI Kokusai Equity ETF,Alternatives,Developed Markets,Xtrackers,USD,PCX
KOLD,ProShares UltraShort Bloomberg Natural Gas,Energy,Trading,ProShares,USD,PCX
KOMP,SPDR S&P Kensho New Economies Composite ETF,Information Technology,Growth,State Street Global Advisors,USD,PCX
KORP,American Century Diversified Corporate Bond ETF,Fixed Income,Corporate Bonds,American Century Investments,USD,PCX
KORU,Direxion Daily South Korea Bull 3X Shares,Alternatives,Emerging Markets,Direxion Funds,USD,PCX
KRBN,KraneShares Global Carbon ETF,Commodities,Uncategorized,KraneShares,USD,PCX
KRE,SPDR S&P Regional Banking ETF,Financials,Mid Cap,State Street Global Advisors,USD,PCX
KRMA,Global X Conscious Companies ETF,Alternatives,Uncategorized,Global X Funds,USD,NGM
KSA,iShares MSCI Saudi Arabia ETF,Alternatives,Emerging Markets,BlackRock Asset Management,USD,PCX
KSCD,KFA Small Cap Quality Dividend Index ETF,Alternatives,Small Cap,KraneShares,USD,PCX
KSTR,KraneShares SSE STAR Market 50 Index ETF,Information Technology,Emerging Markets,KraneShares,USD,PCX
KVLE,KFA Value Line Dynamic Core Equity Index ETF,Financials,Blend,KraneShares,USD,PCX
KWEB,KraneShares CSI China Internet ETF,Information Technology,Emerging Markets,KraneShares,USD,PCX
KXI,iShares Global Consumer Staples ETF,Consumer Staples,Developed Markets,BlackRock Asset Management,USD,PCX
LABD,Direxion Daily S&P Biotech Bear 3X Shares,Health Care,Trading,Direxion Funds,USD,PCX
LABU,Direxion Daily S&P Biotech Bull 3X Shares,Health Care,Trading,Direxion Funds,USD,PCX
LBAY,Leatherback Long/Short Alternative Yield ETF,Alternatives,Uncategorized,Leatherback,USD,PCX
LBJ,Direxion Daily Latin America Bull 2X Shares,Equities,Trading,Direxion Funds,USD,PCX
LCG,Sterling Capital Focus Equity ETF,Equities,Factors,Sterling Capital Funds,USD,PCX
LCR,Leuthold Core ETF,Equities,Factors,Leuthold,USD,PCX
LCTD,BlackRock World ex U.S. Carbon Transition Readiness ETF,Uncategorized,Developed Markets,BlackRock Asset Management,USD,PCX
LCTU,BlackRock U.S. Carbon Transition Readiness ETF,Financials,Developed Markets,BlackRock Asset Management,USD,PCX
LD,iPath Bloomberg Lead Subindex Total Return(SM) ETN,Commodities,Uncategorized,Milleis Investissements Funds,USD,PCX
LDEM,iShares ESG MSCI EM Leaders ETF,Financials,Emerging Markets,BlackRock Asset Management,USD,NMS
LDRS,Innovator IBD ETF Leaders ETF,Financials,Developed Markets,Innovator ETFs,USD,PCX
LDSF,First Trust Low Duration Strategic Focus ETF,Fixed Income,Bonds,First Trust Advisors,USD,NGM
LDUR,PIMCO Enhanced Low Duration Active Exchange-Traded Fund,Fixed Income,Corporate Bonds,PIMCO Global Advisors,USD,PCX
LEGR,First Trust Indxx Innovative Transaction & Process ETF,Information Technology,Growth,First Trust Advisors,USD,NGM
LEMB,iShares J.P. Morgan EM Local Currency Bond ETF,Fixed Income,Emerging Markets,BlackRock Asset Management,USD,PCX
LFEQ,VanEck Vectors Long/Flat Trend ETF,Equities,Blend,VanEck Asset Management,USD,PCX
LGH,HCM Defender 500 Index ETF,Equities,Large Cap,AdvisorShares,USD,PCX
LGLV,SPDR SSGA US Large Cap Low Volatility Index ETF,Equities,Large Cap,State Street Global Advisors,USD,PCX
LGOV,First Trust Long Duration Opportunities ETF,Fixed Income,Government Bonds,First Trust Advisors,USD,PCX
LIT,Global X Lithium & Battery Tech ETF,Materials,Materials,Global X Funds,USD,PCX
LMBS,First Trust Low Duration Opportunities ETF,Fixed Income,Corporate Bonds,First Trust Advisors,USD,NMS
LNGR,Global X Aging Population ETF,Health Care,Developed Markets,Global X Funds,USD,NMS
LOPP,Gabelli Love Our Planet & People ETF,Alternatives,Blend,Gabelli,USD,PCX
LOUP,Innovator Loup Frontier Tech ETF,Information Technology,Frontier Markets,Innovator ETFs,USD,PCX
LOWC,SPDR MSCI ACWI Low Carbon Target ETF,Financials,Developed Markets,State Street Global Advisors,USD,PCX
LQD,iShares iBoxx $ Investment Grade Corporate Bond ETF,Fixed Income,Corporate Bonds,BlackRock Asset Management,USD,PCX
LQDH,iShares Interest Rate Hedged Corporate Bond ETF,Fixed Income,Corporate Bonds,BlackRock Asset Management,USD,PCX
LRGE,ClearBridge Large Cap Growth ESG ETF,Information Technology,Large Cap,Franklink Templeton Investments,USD,NMS
LRGF,iShares MSCI USA Multifactor ETF,Financials,Uncategorized,BlackRock Asset Management,USD,PCX
LRNZ,"TrueShares Technology, AI and Deep Learning ETF",Information Technology,Technology,TrueShares,USD,PCX
LSAF,LeaderSharesTM AlphaFactor US Core Equity ETF,Financials,Factors,LeaderShares,USD,PCX
LSAT,LeaderShares AlphaFactor Tactical Focused ETF,Financials,Uncategorized,LeaderShares,USD,PCX
LSST,Natixis Loomis Sayles Short Duration Income ETF,Fixed Income,Corporate Bonds,Natixis Funds,USD,PCX
LTL,ProShares Ultra Telecommunications,Communication Services,Trading,ProShares,USD,PCX
LTPZ,PIMCO 15+ Year U.S. TIPS Index Exchange-Traded Fund,Fixed Income,Inflation-Protected Securities,PIMCO Global Advisors,USD,PCX
LVHD,Legg Mason Low Volatility High Dividend ETF,Financials,Value,Franklink Templeton Investments,USD,NGM
LVOL,American Century Low Volatility ETF,Financials,Large Cap,American Century Investments,USD,PCX
MARB,First Trust Vivaldi Merger Arbitrage ETF,Alternatives,Uncategorized,First Trust Advisors,USD,PCX
MBB,iShares MBS ETF,Fixed Income,Investment Grade Bonds,BlackRock Asset Management,USD,NMS
MBSD,FlexShares Disciplined Duration MBS Index Fund,Fixed Income,Investment Grade Bonds,Flexshares Trust,USD,PCX
MCEF,First Trust Municipal CEF Income Opportunity ETF,Fixed Income,Municipal Bonds,First Trust Advisors,USD,NGM
MCHI,iShares MSCI China ETF,Alternatives,Emerging Markets,BlackRock Asset Management,USD,NGM
MCRO,IQ Hedge Macro Tracker ETF,Alternatives,Developed Markets,IndexIQ,USD,PCX
MDIV,First Trust Multi-Asset Diversified Income Index Fund,Alternatives,Equities,First Trust Advisors,USD,NMS
MDLQ,Medley LLC NT 24,Uncategorized,Uncategorized,,USD,NYQ
MDY,SPDR S&P MIDCAP 400 ETF Trust,Alternatives,Mid Cap,State Street Global Advisors,USD,PCX
MDYG,SPDR S&P 400 Mid Cap Growth ETF,Alternatives,Growth,State Street Global Advisors,USD,PCX
MDYV,SPDR S&P 400 Mid Cap Value ETF,Alternatives,Value,State Street Global Advisors,USD,PCX
MEXX,Direxion Daily MSCI Mexico Bull 3X Shares Direxion Daily MSCI Mexico Bull 3,Derivatives,Trading,Direxion Funds,USD,PCX
MFDX,PIMCO RAFI Dynamic Multi-Factor International Equity ETF,Fixed Income,Developed Markets,PIMCO Global Advisors,USD,PCX
MFEM,PIMCO RAFI Dynamic Multi-Factor Emerging Markets Equity ETF,Fixed Income,Emerging Markets,PIMCO Global Advisors,USD,PCX
MFUS,PIMCO RAFI Dynamic Multi-Factor U.S. Equity ETF,Fixed Income,Developed Markets,PIMCO Global Advisors,USD,PCX
MGC,Vanguard Mega Cap Index Fund ETF Shares,Fixed Income,Large Cap,Vanguard Asset Management,USD,PCX
MGK,Vanguard Mega Cap Growth Index Fund ETF Shares,Fixed Income,Growth,Vanguard Asset Management,USD,PCX
MGMT,Ballast Small/Mid Cap ETF,Fixed Income,Mid Cap,Ballast Asset Management,USD,PCX
MGV,Vanguard Mega Cap Value Index Fund ETF Shares,Fixed Income,Value,Vanguard Asset Management,USD,PCX
MID,American Century Mid Cap Growth Impact ETF,Alternatives,Mid Cap,American Century Investments,USD,PCX
MIDE,Xtrackers S&P MidCap 400 ESG ETF,Alternatives,Mid Cap,Xtrackers,USD,PCX
MIDF,iShares MSCI USA Mid-Cap Multifactor ETF,Alternatives,Mid Cap,BlackRock Asset Management,USD,PCX
MIDU,Direxion Daily Mid Cap Bull 3X Shares,Derivatives,Mid Cap,Direxion Funds,USD,PCX
MINC,AdvisorShares Newfleet Multi-Sector Income ETF,Fixed Income,Investment Grade Bonds,AdvisorShares,USD,PCX
MINT,PIMCO Enhanced Short Maturity Active Exchange-Traded Fund,Fixed Income,Money Market Instruments,PIMCO Global Advisors,USD,PCX
MJ,ETFMG Alternative Harvest ETF,Alternatives,Developed Markets,ETF Management,USD,PCX
MJJ,MicroSectors Cannabis ETNs,Derivatives,Developed Markets,Microsectors,USD,PCX
MJO,MicroSectors Cannabis 2X Leveraged ETNs,Derivatives,Developed Markets,Microsectors,USD,PCX
MJUS,ETFMG U.S. Alternative Harvest ETF,Alternatives,Developed Markets,ETF Management,USD,PCX
MLPA,Global X MLP ETF,Energy,Developed Markets,Global X Funds,USD,PCX
MLPB,UBS ETRACS Alerian MLP Infrastructure Index ETN Series B,Energy,Developed Markets,UBS Asset Management,USD,PCX
MLPO,Credit Suisse S&P MLP Index ETN,Energy,Developed Markets,Credit Suisse Asset Management,USD,PCX
MLPR,ETRACS Quarterly Pay 1.5X Leveraged Alerian MLP Index ETN,Energy,Developed Markets,UBS Asset Management,USD,PCX
MLPX,Global X MLP & Energy Infrastructure ETF,Energy,Energy,Global X Funds,USD,PCX
MLPY,Morgan Stanley Cushing MLP High Income Index ETN,Energy,Uncategorized,Morgan Stanley Asset Management,USD,PCX
MMIN,IQ MacKay Municipal Insured ETF,Fixed Income,Municipal Bonds,IndexIQ,USD,PCX
MMIT,IQ MacKay Municipal Intermediate ETF,Fixed Income,Municipal Bonds,IndexIQ,USD,PCX
MMTM,SPDR S&P 1500 Momentum Tilt ETF,Alternatives,Factors,State Street Global Advisors,USD,PCX
MNA,IQ Merger Arbitrage ETF,Alternatives,Uncategorized,IndexIQ,USD,PCX
MOM,AGFiQ U.S. Market Neutral Momentum Fund,Alternatives,Derivatives,AGF Investments,USD,PCX
MOO,VanEck Vectors Agribusiness ETF,Alternatives,Materials,VanEck Asset Management,USD,PCX
MOON,Direxion Moonshot Innovators ETF,Alternatives,Technology,Direxion Funds,USD,PCX
MORT,VanEck Vectors Mortgage REIT Income ETF,Real Estate,REITs,VanEck Asset Management,USD,PCX
MOTO,SmartETFs Smart Transportation & Technology ETF,Industrials,Uncategorized,SmartETFs,USD,PCX
MRAD,SmartETFs Advertising & Marketing Technology ETF,Information Technology,Uncategorized,Guinness Atkinson,USD,PCX
MSOS,AdvisorShares Pure US Cannabis ETF,Health Care,Developed Markets,AdvisorShares,USD,PCX
MTGP,WisdomTree Mortgage Plus Bond Fund,Fixed Income,Bonds,WisdomTree Asset Management,USD,PCX
MTUL,ETRACS 2x Leveraged MSCI US Momentum Factor TR ETN,Derivatives,Large Cap,Leverage Shares,USD,PCX
MUB,iShares National Muni Bond ETF,Fixed Income,Municipal Bonds,BlackRock Asset Management,USD,PCX
MUNI,PIMCO Intermediate Municipal Bond Active Exchange-Traded Fund,Fixed Income,Municipal Bonds,PIMCO Global Advisors,USD,PCX
MUST,Columbia Multi-Sector Municipal Income ETF,Fixed Income,Municipal Bonds,Columbia Threadneedle,USD,PCX
MVP,Roundhill MVP ETF,Consumer Discretionary,Uncategorized,Roundhill Investments,USD,PCX
MVRL,ETRACS Monthly Pay 1.5X Leveraged Mortgage REIT ETN,Real Estate,Uncategorized,Credit Suisse Asset Management,USD,PCX
MVV,ProShares Ultra MidCap400,Financials,Mid Cap,ProShares,USD,PCX
MXDU,Nationwide Maximum Diversification U.S. Core Equity ETF,Equities,Developed Markets,Nationwide,USD,PCX
MXI,iShares Global Materials ETF,Materials,Developed Markets,BlackRock Asset Management,USD,PCX
MYY,ProShares Short MidCap400,Equities,Mid Cap,ProShares,USD,PCX
MZZ,ProShares UltraShort MidCap400,Equities,Mid Cap,ProShares,USD,PCX
NACP,Impact Shares NAACP Minority Empowerment ETF,Uncategorized,Blend,Impact Shares,USD,PCX
NAIL,Direxion Daily Homebuilders & Supplies Bull 3X Shares,Equities,Trading,Direxion Funds,USD,PCX
NANR,SPDR S&P North American Natural Resources ETF,Equities,Materials,State Street Global Advisors,USD,PCX
NERD,Roundhill BITKRAFT Esports & Digital Entertainment ETF,Information Technology,Consumer Discretionary,Roundhill Investments,USD,PCX
NETL,Fundamental Income Net Lease Real Estate ETF,Real Estate,REITs,Exchange Traded Concepts,USD,PCX
NFLT,Virtus Newfleet Multi-Sector Bond ETF,Fixed Income,Corporate Bonds,Virtus,USD,PCX
NFRA,FlexShares STOXX Global Broad Infrastructure Index Fund,Industrials,Utilities,Flexshares Trust,USD,PCX
NFTY,First Trust India NIFTY 50 Equal Weight ETF,Financials,Emerging Markets,First Trust Advisors,USD,NMS
NGE,Global X MSCI Nigeria ETF,Financials,Frontier Markets,Global X Funds,USD,PCX
NIB,iPath Bloomberg Cocoa Subindex Total Return(SM) ETN,Commodities,Uncategorized,Barclays,USD,PCX
NIFE,Direxion Fallen Knives ETF,Financials,Factors,Direxion Funds,USD,PCX
NLR,VanEck Vectors Uranium+Nuclear Energy ETF,Energy,Developed Markets,VanEck Asset Management,USD,PCX
NOMO,QuantShares U.S. Market Neutral,Alternatives,Uncategorized,QuantShares,,PCX
NORW,Global X MSCI Norway ETF,Uncategorized,Developed Markets,Global X Funds,USD,PCX
NRGD,MicroSectors U.S. Big Oil Index -3X Inverse Leveraged ETNs,Energy,Uncategorized,Microsectors,USD,PCX
NRGU,MicroSectors U.S. Big Oil Index 3X Leveraged ETNs,Energy,Uncategorized,Microsectors,USD,PCX
NTSX,WisdomTree U.S. Efficient Core Fund,Financials,Factors,WisdomTree Asset Management,USD,PCX
NUAG,Nuveen Enhanced Yield U.S. Aggregate Bond ETF,Fixed Income,Investment Grade Bonds,Nuveen,USD,PCX
NUBD,Nuveen ESG U.S. Aggregate Bond ETF,Fixed Income,Investment Grade Bonds,Nuveen,USD,PCX
NUGT,Direxion Daily Gold Miners Index Bull 2X Shares,Materials,Trading,Direxion Funds,USD,PCX
NUHY,Nuveen ESG High Yield Corporate Bond ETF,Fixed Income,High Yield Bonds,Nuveen,USD,PCX
NUSA,Nuveen Enhanced Yield 1-5 Year U.S. Aggregate Bond ETF,Fixed Income,Government Bonds,Nuveen,USD,PCX
NUSI,Nationwide Risk-Managed Income ETF,Financials,Uncategorized,Nationwide,USD,PCX
NVQ,QRAFT AI-Enhanced U.S. Next Value ETF,Consumer Discretionary,Factors,Exchange Traded Concepts,USD,PCX
NXTG,First Trust IndXX NextG ETF,Information Technology,Technology,First Trust Advisors,USD,NGM
NYF,iShares New York Muni Bond ETF,Fixed Income,Municipal Bonds,BlackRock Asset Management,USD,PCX
OCIO,ClearShares OCIO ETF,Alternatives,Equities,ClearShares,USD,PCX
OEF,iShares S&P 100 ETF,Financials,Large Cap,BlackRock Asset Management,USD,PCX
OFSSZ,OFS Capital Corporation - 6.50%,Fixed Income,Corporate Bonds,,USD,NMS
OIH,VanEck Vectors Oil Services ETF,Energy,Developed Markets,VanEck Asset Management,USD,PCX
OLD,The Long-Term Care ETF,Health Care,Developed Markets,AdvisorShares,USD,NMS
ONEO,SPDR Russell 1000 Momentum Focus ETF,Financials,Large Cap,State Street Global Advisors,USD,PCX
ONEQ,Fidelity Nasdaq Composite Index ETF,Information Technology,Large Cap,Fidelity Investments,USD,NMS
ONEV,SPDR Russell 1000 Low Volatility Focus ETF,Financials,Large Cap,State Street Global Advisors,USD,PCX
ONEY,SPDR Russell 1000 Yield Focus ETF,Financials,Large Cap,State Street Global Advisors,USD,PCX
ONLN,ProShares Online Retail ETF,Consumer Discretionary,Consumer Discretionary,ProShares,USD,PCX
ONOF,Global X Adaptive U.S. Risk Management ETF,Financials,Government Bonds,Global X Funds,USD,PCX
OPER,ClearShares Ultra-Short Maturity ETF,Fixed Income,Money Market Instruments,ClearShares,USD,PCX
OPPX,Corbett Road Tactical Opportunity ETF,Fixed Income,Uncategorized,Exchange Traded Concepts,USD,PCX
OTR,Guggenheim Ocean Tomo Growth ET,Information Technology,Growth,Guggenheim,,PCX
OUNZ,VanEck Merk Gold Trust,Commodities,Uncategorized,Merk Funds,USD,PCX
OVB,Overlay Shares Core Bond ETF,Fixed Income,Corporate Bonds,Overlay Shares,USD,PCX
OVF,Overlay Shares Foreign Equity ETF,Financials,Developed Markets,Overlay Shares,USD,PCX
OVL,Overlay Shares Large Cap Equity ETF,Financials,Large Cap,Overlay Shares,USD,PCX
OVLH,Overlay Shares Hedged Large Cap Equity ETF,Financials,Large Cap,Overlay Shares,USD,PCX
OVM,Overlay Shares Municipal Bond ETF,Fixed Income,Municipal Bonds,Overlay Shares,USD,PCX
OVS,Overlay Shares Small Cap Equity ETF,Financials,Small Cap,Overlay Shares,USD,PCX
OVT,Overlay Shares Short Term Bond ETF,Fixed Income,Corporate Bonds,Overlay Shares,USD,PCX
PAB,PGIM ETF Trust - PGIM Active Aggregate Bond ETF,Fixed Income,Corporate Bonds,PGIM Funds,USD,PCX
PAK,Global X MSCI Pakistan ETF,Alternatives,Emerging Markets,Global X Funds,USD,PCX
PALC,Pacer Lunt Large Cap Multi-Factor Alternator ETF,Alternatives,Large Cap,Pacer,USD,PCX
PALL,Aberdeen Standard Physical Palladium Shares ETF,Commodities,Uncategorized,Aberdeen Standard Investments,USD,PCX
PAMC,Pacer Lunt MidCap Multi-Factor Alternator ETF,Alternatives,Mid Cap,Pacer,USD,PCX
PBD,Invesco Global Clean Energy ETF,Energy,Developed Markets,Invesco Investment Management,USD,PCX
PBE,Invesco Dynamic Biotechnology & Genome ETF,Health Care,Health Care,Invesco Investment Management,USD,PCX
PBJ,Invesco Dynamic Food & Beverage ETF,Consumer Staples,Developed Markets,Invesco Investment Management,USD,PCX
PBP,Invesco S&P 500 BuyWrite ETF,Derivatives,Developed Markets,Invesco Investment Management,USD,PCX
PBS,Invesco Dynamic Media ETF,Communication Services,Developed Markets,Invesco Investment Management,USD,PCX
PBW,Invesco WilderHill Clean Energy ETF,Energy,Developed Markets,Invesco Investment Management,USD,PCX
PBY,Prospect Capital Corporation,Financials,Uncategorized,,USD,NYQ
PCEF,Invesco CEF Income Composite ETF,Financials,Equities,Invesco Investment Management,USD,PCX
PCY,Invesco Emerging Markets Sovereign Debt ETF,Fixed Income,Government Bonds,Invesco Investment Management,USD,PCX
PDBC,Invesco Optimum Yield Diversified Commodity Strategy No K-1 ETF,Commodities,Uncategorized,Invesco Investment Management,USD,NGM
PDEV,Principal International Multi-Factor ETF,Financials,Developed Markets,Principal Funds,USD,NMS
PDN,Invesco FTSE RAFI Developed Markets ex-U.S. Small-Mid ETF,Financials,Small Cap,Invesco Investment Management,USD,PCX
PDP,Invesco DWA Momentum ETF,Financials,Developed Markets,Invesco Investment Management,USD,NMS
PEJ,Invesco Dynamic Leisure and Entertainment ETF,Consumer Discretionary,Developed Markets,Invesco Investment Management,USD,PCX
PEXL,Pacer US Export Leaders ETF,Financials,Developed Markets,Pacer,USD,PCX
PEY,Invesco High Yield Equity Dividend Achievers ETF,Financials,Developed Markets,Invesco Investment Management,USD,NMS
PEZ,Invesco DWA Consumer Cyclicals Momentum ETF,Consumer Discretionary,Developed Markets,Invesco Investment Management,USD,NGM
PFF,iShares Preferred and Income Securities ETF,Financials,Corporate Bonds,BlackRock Asset Management,USD,NMS
PFFD,Global X U.S. Preferred ETF,Financials,Corporate Bonds,Global X Funds,USD,PCX
PFFL,ETRACS 2xMonthly Pay Leveraged Preferred Stock Index ETN,Financials,Corporate Bonds,Credit Suisse Asset Management,USD,PCX
PFFR,InfraCap REIT Preferred ETF,Financials,REITs,Virtus,USD,PCX
PFFV,Global X Variable Rate Preferred ETF,Financials,Corporate Bonds,Global X Funds,USD,PCX
PFI,Invesco DWA Financial Momentum ETF,Financials,Developed Markets,Invesco Investment Management,USD,NMS
PFIG,Invesco Fundamental Investment Grade Corporate Bond ETF,Fixed Income,Investment Grade Bonds,Invesco Investment Management,USD,PCX
PFLD,AAM Low Duration Preferred and Income Securities ETF,Fixed Income,Corporate Bonds,Aptus Capital Advisors,USD,PCX
PFM,Invesco Dividend Achievers ETF,Financials,Developed Markets,Invesco Investment Management,USD,NMS
PFXF,VanEck Vectors Preferred Securities ex Financials ETF,Financials,Corporate Bonds,VanEck Asset Management,USD,PCX
PGAL,Global X MSCI Portugal ETF,Financials,Emerging Markets,Global X Funds,USD,PCX
PGF,Invesco Financial Preferred ETF,Financials,Corporate Bonds,Invesco Investment Management,USD,PCX
PGHY,Invesco Global Short Term High Yield Bond ETF,Fixed Income,High Yield Bonds,Invesco Investment Management,USD,PCX
PGJ,Invesco Golden Dragon China ETF,Financials,Emerging Markets,Invesco Investment Management,USD,NGM
PGM,iPath Series B Bloomberg Platinum Subindex Total Return ETN,Commodities,Uncategorized,BNY Mellon,USD,PCX
PGX,Invesco Preferred ETF,Financials,Corporate Bonds,Invesco Investment Management,USD,PCX
PHB,Invesco Fundamental High Yield Corporate Bond ETF,Fixed Income,High Yield Bonds,Invesco Investment Management,USD,PCX
PHDG,Invesco S&P 500 Downside Hedged ETF,Alternatives,Equities,Invesco Investment Management,USD,PCX
PHO,Invesco Water Resources ETF,Utilities,Materials,Invesco Investment Management,USD,NGM
PHYL,PGIM Active High Yield Bond ETF,Fixed Income,High Yield Bonds,PGIM Funds,USD,PCX
PICB,Invesco International Corporate Bond ETF,Fixed Income,Corporate Bonds,Invesco Investment Management,USD,PCX
PID,Invesco International Dividend Achievers ETF,Financials,Developed Markets,Invesco Investment Management,USD,NGM
PIE,Invesco DWA Emerging Markets Momentum ETF,Financials,Emerging Markets,Invesco Investment Management,USD,NGM
PIFI,ETF Series Solutions - ClearShares Piton Intermediate Fixed Income ETF,Fixed Income,Investment Grade Bonds,ClearShares,USD,PCX
PILL,Direxion Daily Pharmaceutical & Medical Bull 3X Shares ETF,Health Care,Trading,Direxion Funds,USD,PCX
PIN,Invesco India ETF,Information Technology,Emerging Markets,Invesco Investment Management,USD,PCX
PIO,Invesco Global Water ETF,Utilities,Materials,Invesco Investment Management,USD,NMS
PIZ,Invesco DWA Developed Markets Momentum ETF,Information Technology,Developed Markets,Invesco Investment Management,USD,NMS
PJP,Invesco Dynamic Pharmaceuticals ETF,Health Care,Developed Markets,Invesco Investment Management,USD,PCX
PKB,Invesco Dynamic Building & Construction ETF,Industrials,Developed Markets,Invesco Investment Management,USD,PCX
PKW,Invesco BuyBack Achievers ETF,Financials,Developed Markets,Invesco Investment Management,USD,NMS
PLAT,WisdomTree Growth Leaders Fund,Information Technology,Growth,WisdomTree Asset Management,USD,PCX
PLTM,GraniteShares Platinum Trust,Commodities,Uncategorized,Graniteshares,USD,PCX
PLW,Invesco 1-30 Laddered Treasury ETF,Fixed Income,Treasury Bonds,Invesco Investment Management,USD,NGM
PNQI,Invesco NASDAQ Internet ETF,Information Technology,Growth,Invesco Investment Management,USD,NMS
POTX,Global X Cannabis ETF,Health Care,Growth,Global X Funds,USD,NMS
PPH,VanEck Vectors Pharmaceutical ETF,Health Care,Mid Cap,VanEck Asset Management,USD,NMS
PPLT,Aberdeen Standard Physical Platinum Shares ETF,Commodities,Uncategorized,Aberdeen Standard Investments,USD,PCX
PPTY,PPTY ‚Äì U.S. Diversified Real Estate ETF,Real Estate,REITs,PPTY,USD,PCX
PQDI,Principal Spectrum Tax-Advantaged Dividend Active ETF,Financials,Corporate Bonds,Principal Funds,USD,PCX
PQIN,PGIM QMA Strategic Alpha International Equity ETF,Financials,Developed Markets,PGIM Funds,USD,PCX
PQLC,PGIM QMA Strategic Alpha Large-Cap Core ETF,Financials,Large Cap,PGIM Funds,USD,PCX
PQSG,PGIM QMA Strategic Alpha Small-Cap Growth ETF,Financials,Small Cap,PGIM Funds,USD,PCX
PQSV,PGIM QMA Strategic Alpha Small-Cap Value ETF,Financials,Small Cap,PGIM Funds,USD,PCX
PREF,Principal Spectrum Preferred Securities Active ETF,Financials,High Yield Bonds,Principal Funds,USD,PCX
PRF,Invesco FTSE RAFI US 1000 ETF,Financials,Large Cap,Invesco Investment Management,USD,PCX
PRFZ,Invesco FTSE RAFI US 1500 Small-Mid ETF,Financials,Small Cap,Invesco Investment Management,USD,NGM
PSC,Principal U.S. Small-Cap Multi-Factor ETF,Financials,Small Cap,Principal Funds,USD,NMS
PSCC,Invesco S&P SmallCap Consumer Staples ETF,Consumer Staples,Small Cap,Invesco Investment Management,USD,NMS
PSCD,Invesco S&P SmallCap Consumer Discretionary ETF,Consumer Discretionary,Small Cap,Invesco Investment Management,USD,NGM
PSCE,Invesco S&P SmallCap Energy ETF,Energy,Small Cap,Invesco Investment Management,USD,NMS
PSCF,Invesco S&P SmallCap Financials ETF,Financials,Small Cap,Invesco Investment Management,USD,NMS
PSCH,Invesco S&P SmallCap Health Care ETF,Health Care,Small Cap,Invesco Investment Management,USD,NGM
PSCI,Invesco S&P SmallCap Industrials ETF,Industrials,Small Cap,Invesco Investment Management,USD,NMS
PSCM,Invesco S&P SmallCap Materials ETF,Materials,Small Cap,Invesco Investment Management,USD,NGM
PSCT,Invesco S&P SmallCap Information Technology ETF,Information Technology,Small Cap,Invesco Investment Management,USD,NGM
PSCU,Invesco S&P SmallCap Utilities & Communication Services ETF,Utilities,Small Cap,Invesco Investment Management,USD,NGM
PSET,Principal Quality ETF,Financials,Mid Cap,Principal Funds,USD,NGM
PSI,Invesco Dynamic Semiconductors ETF,Information Technology,Technology,Invesco Investment Management,USD,PCX
PSJ,Invesco Dynamic Software ETF,Information Technology,Growth,Invesco Investment Management,USD,PCX
PSK,SPDR ICE Preferred Securities ETF,Fixed Income,Corporate Bonds,State Street Global Advisors,USD,PCX
PSL,Invesco DWA Consumer Staples Momentum ETF,Consumer Staples,Blend,Invesco Investment Management,USD,NMS
PSP,Invesco Global Listed Private Equity ETF,Financials,Emerging Markets,Invesco Investment Management,USD,PCX
PSQ,ProShares Short QQQ,Derivatives,Large Cap,ProShares,USD,PCX
PSR,Invesco Active U.S. Real Estate Fund,Real Estate,REITs,Invesco Investment Management,USD,PCX
PST,ProShares UltraShort 7-10 Year Treasury,Fixed Income,Treasury Bonds,ProShares,USD,PCX
PTBD,Pacer Trendpilot US Bond ETF,Fixed Income,Corporate Bonds,Pacer,USD,PCX
PTF,Invesco DWA Technology Momentum ETF,Information Technology,Growth,Invesco Investment Management,USD,NMS
PTH,Invesco DWA Healthcare Momentum ETF,Health Care,Growth,Invesco Investment Management,USD,NMS
PTIN,Pacer Trendpilot International ETF,Financials,Developed Markets,Pacer,USD,PCX
PUI,Invesco DWA Utilities Momentum ETF,Utilities,Growth,Invesco Investment Management,USD,NGM
PULS,PGIM Ultra Short Bond ETF,Fixed Income,Corporate Bonds,PGIM Funds,USD,PCX
PUTW,WisdomTree CBOE S&P 500 PutWrite Strategy Fund,Alternatives,Blend,WisdomTree Asset Management,USD,PCX
PVI,Invesco VRDO Tax-Free ETF,Fixed Income,Municipal Bonds,Invesco Investment Management,USD,PCX
PWB,Invesco Dynamic Large Cap Growth ETF,Financials,Growth,Invesco Investment Management,USD,PCX
PWC,Invesco Dynamic Market ETF,Financials,Blend,Invesco Investment Management,USD,PCX
PWV,Invesco Dynamic Large Cap Value ETF,Financials,Value,Invesco Investment Management,USD,PCX
PWZ,Invesco California AMT-Free Municipal Bond ETF,Fixed Income,Municipal Bonds,Invesco Investment Management,USD,PCX
PXE,Invesco Dynamic Energy Exploration & Production ETF,Energy,Energy,Invesco Investment Management,USD,PCX
PXF,Invesco FTSE RAFI Developed Markets ex-U.S. ETF,Financials,Developed Markets,Invesco Investment Management,USD,PCX
PXH,Invesco FTSE RAFI Emerging Markets ETF,Financials,Emerging Markets,Invesco Investment Management,USD,PCX
PXI,Invesco DWA Energy Momentum ETF,Energy,Energy,Invesco Investment Management,USD,NMS
PXJ,Invesco Dynamic Oil & Gas Services ETF,Energy,Energy,Invesco Investment Management,USD,PCX
PXQ,Invesco Dynamic Networking ETF,Information Technology,Technology,Invesco Investment Management,USD,PCX
PY,Principal Value ETF,Financials,Value,Principal Funds,USD,NGM
PYPE,UBS ETRACS NYSE Pickens Core Midstream Index ETN,Energy,Energy,UBS Asset Management,USD,PCX
PYS,PPlus Trust Series RRD-1 RRD-1 CTF CL A,Uncategorized,Uncategorized,,USD,NYQ
PYZ,Invesco DWA Basic Materials Momentum ETF,Materials,Materials,Invesco Investment Management,USD,NMS
PZA,Invesco National AMT-Free Municipal Bond ETF,Fixed Income,Municipal Bonds,Invesco Investment Management,USD,PCX
PZD,Invesco MSCI Sustainable Future ETF,Financials,Uncategorized,Invesco Investment Management,USD,PCX
PZT,Invesco New York AMT-Free Municipal Bond ETF,Fixed Income,Municipal Bonds,Invesco Investment Management,USD,PCX
QABA,First Trust NASDAQ ABA Community Bank Index Fund,Financials,Small Cap,First Trust Advisors,USD,NGM
QAI,IQ Hedge Multi-Strategy Tracker ETF,Alternatives,Uncategorized,IndexIQ,USD,PCX
QARP,Xtrackers Russell 1000 US QARP ETF,Financials,Large Cap,Xtrackers,USD,PCX
QAT,iShares MSCI Qatar ETF,Financials,Emerging Markets,BlackRock Asset Management,USD,NGM
QCLN,First Trust NASDAQ Clean Edge Green Energy Index Fund,Energy,Developed Markets,First Trust Advisors,USD,NMS
QDEF,FlexShares Quality Dividend Defensive Index Fund,Equities,Factors,Flexshares Trust,USD,PCX
QDF,FlexShares Quality Dividend Index Fund,Equities,Factors,Flexshares Trust,USD,PCX
QDIV,Global X S&P 500 Quality Dividend ETF,Equities,Large Cap,Global X Funds,USD,PCX
QDYN,FlexShares Quality Dividend Dynamic Index Fund,Equities,Large Cap,Flexshares Trust,USD,PCX
QED,IQ Hedge Event-Driven Tracker ETF,Alternatives,Uncategorized,IndexIQ,USD,PCX
QEFA,SPDR MSCI EAFE StrategicFactors ETF,Equities,Developed Markets,State Street Global Advisors,USD,PCX
QEMM,SPDR MSCI Emerging Markets StrategicFactors ETF,Equities,Emerging Markets,State Street Global Advisors,USD,PCX
QGRO,American Century U.S. Quality Growth ETF,Equities,Growth,American Century Investments,USD,PCX
QID,ProShares UltraShort QQQ,Derivatives,Trading,ProShares,USD,PCX
QINT,American Century Quality Diversified International ETF,Equities,Developed Markets,American Century Investments,USD,PCX
QLD,ProShares Ultra QQQ,Derivatives,Trading,ProShares,USD,PCX
QLS,IQ Hedge Long/Short Tracker ETF,Alternatives,Equities,IndexIQ,USD,PCX
QLT,QuantShares U.S. Market Neutral,Alternatives,Uncategorized,,,PCX
QLTA,iShares Aaa - A Rated Corporate Bond ETF,Fixed Income,Corporate Bonds,BlackRock Asset Management,USD,PCX
QLV,FlexShares US Quality Low Volatility Index Fund,Equities,Large Cap,Flexshares Trust,USD,PCX
QLVD,FlexShares Developed Markets ex-US Quality Low Volatility Index Fund,Equities,Developed Markets,Flexshares Trust,USD,PCX
QLVE,FlexShares Emerging Markets Quality Low Volatility Index Fund,Equities,Emerging Markets,Flexshares Trust,USD,PCX
QMJ,Direxion S&P 500 High minus Low Quality ETF,Alternatives,Large Cap,Direxion Funds,USD,PCX
QMN,IQ Hedge Market Neutral Tracker ETF,Alternatives,Uncategorized,IndexIQ,USD,PCX
QPT,AdvisorShares Q Portfolio Blended Allocation ETF,Alternatives,Blend,AdvisorShares,USD,PCX
QPX,AdvisorShares Q Dynamic Growth ETF,Alternatives,Growth,AdvisorShares,USD,PCX
QQC,Simplify Growth Equity Plus Convexity ETF,Information Technology,Growth,Simplify Asset Management,USD,NGM
QQD,Simplify Growth Equity Plus Downside Convexity ETF,Information Technology,Growth,Simplify Asset Management,USD,NMS
QQEW,First Trust NASDAQ-100 Equal Weighted Index Fund,Information Technology,Large Cap,First Trust Advisors,USD,NMS
QQH,HCM Defender 100 Index ETF,Information Technology,Large Cap,Howard Capital Management,USD,PCX
QQQ,Invesco QQQ Trust,Information Technology,Large Cap,Invesco Investment Management,USD,NGM
QQQE,Direxion NASDAQ-100 Equal Weighted Index Shares,Information Technology,Large Cap,Direxion Funds,USD,PCX
QQQJ,Invesco NASDAQ Next Gen 100 ETF,Information Technology,Large Cap,Invesco Investment Management,USD,NMS
QQQM,Invesco NASDAQ 100 ETF,Information Technology,Large Cap,Invesco Investment Management,USD,NGM
QQQN,VictoryShares Nasdaq Next 50 ETF,Information Technology,Large Cap,Victory Capital,USD,NMS
QQXT,First Trust NASDAQ-100 Ex-Technology Sector Index Fund,Information Technology,Large Cap,First Trust Advisors,USD,NGM
QRFT,QRAFT AI-Enhanced U.S. Large Cap ETF,Alternatives,Large Cap,Exchange Traded Concepts,USD,PCX
QSY,WisdomTree U.S. Quality Shareholder Yield Fund,Alternatives,Large Cap,WisdomTree Asset Management,USD,PCX
QTEC,First Trust NASDAQ-100-Technology Sector Index Fund,Information Technology,Large Cap,First Trust Advisors,USD,NMS
QTUM,Defiance Quantum ETF,Information Technology,Technology,Defiance ETFs,USD,PCX
QULL,ETRACS 2x Leveraged MSCI US Quality Factor TR ETN,Alternatives,Large Cap,ETRACS,USD,PCX
QUS,SPDR MSCI USA StrategicFactors ETF,Alternatives,Large Cap,State Street Global Advisors,USD,PCX
QWLD,SPDR MSCI World StrategicFactors ETF,Alternatives,Uncategorized,State Street Global Advisors,USD,PCX
QYLD,Global X NASDAQ 100 Covered Call ETF,Information Technology,Uncategorized,Global X Funds,USD,NMS
QYLG,Global X Nasdaq 100 Covered Call & Growth ETF,Information Technology,Uncategorized,Global X Funds,USD,NGM
RAAX,VanEck Vectors Real Asset Allocation ETF,Alternatives,Developed Markets,VanEck Asset Management,USD,PCX
RAFE,PIMCO RAFI ESG U.S. ETF PIMCO RAFI ESG U.S. ETF,Alternatives,Uncategorized,PIMCO Global Advisors,USD,PCX
RALS,ProShares RAFI Long/Short,Alternatives,Uncategorized,ProShares,USD,PCX
RAVI,FlexShares Ready Access Variable Income Fund,Fixed Income,Bonds,Flexshares Trust,USD,PCX
RAYC,Rayliant Quantamental China Equity ETF,Alternatives,Uncategorized,Rayliant,USD,PCX
RBIN,Nationwide Risk-Based International Equity ETF,Alternatives,Factors,Nationwide,USD,PCX
RBND,SPDR Bloomberg SASB Corporate Bond ESG Select ETF,Fixed Income,Corporate Bonds,State Street Global Advisors,USD,PCX
RBUS,Nationwide Risk-Based U.S. Equity ETF,Alternatives,Factors,Nationwide,USD,PCX
RDIV,Invesco S&P Ultra Dividend Revenue ETF,Equities,Factors,Invesco Investment Management,USD,PCX
RDOG,ALPS REIT Dividend Dogs ETF,Real Estate,REITs,ALPS ETF Trust,USD,PCX
RDVY,First Trust Rising Dividend Achievers ETF,Equities,Factors,First Trust Advisors,USD,NMS
RECS,Columbia Research Enhanced Core ETF,Equities,Uncategorized,Columbia Threadneedle,USD,PCX
REET,iShares Global REIT ETF,Real Estate,REITs,BlackRock Asset Management,USD,PCX
REIT,ALPS Active REIT ETF,Real Estate,REITs,ALPS ETF Trust,USD,NMS
REK,ProShares Short Real Estate,Real Estate,REITs,ProShares,USD,PCX
REML,Credit Suisse X-Links Monthly Pay 2xLeveraged Mortgage REIT ETN,Real Estate,REITs,Credit Suisse Asset Management,USD,PCX
REMX,VanEck Vectors Rare Earth/Strategic Metals ETF,Materials,Materials,VanEck Asset Management,USD,PCX
RESP,WisdomTree U.S. ESG Fund,Equities,Large Cap,WisdomTree Asset Management,USD,PCX
RETL,Direxion Daily Retail Bull 3X Shares,Consumer Discretionary,Trading,Direxion Funds,USD,PCX
REVS,Columbia Research Enhanced Value ETF,Equities,Value,Columbia Threadneedle,USD,PCX
REW,ProShares UltraShort Technology,Information Technology,Trading,ProShares,USD,PCX
REZ,iShares Residential and Multisector Real Estate ETF,Real Estate,Residential Real Estate,BlackRock Asset Management,USD,PCX
RFAP,First Trust RiverFront Dynamic Asia Pacific ETF,Equities,Emerging Markets,First Trust Advisors,USD,NMS
RFCI,RiverFront Dynamic Core Income ETF,Fixed Income,Corporate Bonds,RiverFront Strategic Income Fund,USD,PCX
RFDA,RiverFront Dynamic US Dividend Advantage ETF,Equities,Value,RiverFront Strategic Income Fund,USD,PCX
RFDI,First Trust RiverFront Dynamic Developed International ETF,Equities,Developed Markets,First Trust Advisors,USD,NGM
RFEM,First Trust RiverFront Dynamic Emerging Markets ETF,Equities,Emerging Markets,First Trust Advisors,USD,NMS
RFEU,First Trust RiverFront Dynamic Europe ETF,Equities,Developed Markets,First Trust Advisors,USD,NGM
RFFC,RiverFront Dynamic US Flex-Cap ETF,Equities,Blend,RiverFront Strategic Income Fund,USD,PCX
RFG,Invesco S&P MidCap 400 Pure Growth ETF,Equities,Growth,Invesco Investment Management,USD,PCX
RFUN,RiverFront Dynamic Unconstrained Income ETF,Fixed Income,Corporate Bonds,RiverFront Strategic Income Fund,USD,PCX
RFV,Invesco S&P MidCap 400 Pure Value ETF,Equities,Value,Invesco Investment Management,USD,PCX
RGI,Invesco S&P 500 Equal Weight Industrials ETF,Industrials,Mid Cap,Invesco Investment Management,USD,PCX
RHS,Invesco S&P 500 Equal Weight Consumer Staples ETF,Consumer Staples,Large Cap,Invesco Investment Management,USD,PCX
RILYI,"B. Riley Financial, Inc. - 6.87",Fixed Income,Corporate Bonds,,USD,NGM
RINF,ProShares Inflation Expectations ETF,Fixed Income,Inflation-Protected Securities,ProShares,USD,PCX
RING,iShares MSCI Global Gold Miners ETF,Materials,Materials,BlackRock Asset Management,USD,NMS
RISN,Inspire Tactical Balanced ESG ETF,Alternatives,Blend,Inspire,USD,PCX
RJI,ELEMENTS Linked to the Rogers International Commodity Index - Total Return,Commodities,Commodities Broad Basket,Elements,USD,PCX
RJN,ELEMENTS Linked to the Rogers International Commodity Index - Energy Total Return,Commodities,Uncategorized,Elements,USD,PCX
RJZ,ELEMENTS Linked to the Rogers International Commodity Index - Metals Total Return,Commodities,Uncategorized,Elements,USD,PCX
RLY,SPDR SSgA Multi-Asset Real Return ETF,Alternatives,Inflation-Protected Securities,State Street Global Advisors,USD,PCX
RNDM,First Trust Developed International Equity Select ETF,Equities,Developed Markets,First Trust Advisors,USD,NGM
RNDV,First Trust US Equity Dividend Select ETF,Equities,Large Cap,First Trust Advisors,USD,NGM
RNEM,First Trust Emerging Markets Equity Select ETF,Equities,Emerging Markets,First Trust Advisors,USD,NMS
RNLC,First Trust Large Cap US Equity Select ETF,Equities,Large Cap,First Trust Advisors,USD,NGM
RNMC,First Trust Mid Cap US Equity Select ETF,Equities,Mid Cap,First Trust Advisors,USD,NGM
RNRG,Global X Renewable Energy Producers ETF,Energy,Uncategorized,Global X Funds,USD,NGM
RNSC,First Trust Small Cap US Equity Select ETF,Equities,Small Cap,First Trust Advisors,USD,NGM
ROAM,Hartford Multifactor Emerging Markets ETF,Equities,Emerging Markets,Hartford Mutual Funds,USD,PCX
ROBO,Robo Global Robotics and Automation Index ETF,Industrials,Uncategorized,Robo Global,USD,PCX
ROBT,First Trust Nasdaq Artificial Intelligence and Robotics ETF,Information Technology,Technology,First Trust Advisors,USD,NGM
RODM,Hartford Multifactor Developed Markets (ex-US) ETF,Equities,Factors,Hartford Mutual Funds,USD,PCX
ROKT,SPDR Kensho Final Frontiers ETF,Industrials,Industrials,State Street Global Advisors,USD,PCX
ROM,ProShares Ultra Technology,Information Technology,Trading,ProShares,USD,PCX
ROOF,IQ U.S. Real Estate Small Cap ETF,Real Estate,REITs,IndexIQ,USD,PCX
RORO,ATAC US Rotation ETF,Equities,Factors,ATAC Fund,USD,PCX
ROSC,Hartford Multifactor Small Cap ETF,Equities,Small Cap,Hartford Mutual Funds,USD,PCX
ROUS,Hartford Multifactor US Equity ETF,Equities,Uncategorized,Hartford Mutual Funds,USD,PCX
RPAR,RPAR Risk Parity ETF,Alternatives,Equities,AdvisorShares,USD,PCX
RPG,Invesco S&P 500 Pure Growth ETF,Equities,Growth,Invesco Investment Management,USD,PCX
RPV,Invesco S&P 500 Pure Value ETF,Equities,Value,Invesco Investment Management,USD,PCX
RSP,Invesco S&P 500 Equal Weight ETF,Equities,Large Cap,Invesco Investment Management,USD,PCX
RSU,Guggenheim 2x S&P 500 ETF,Equities,Large Cap,,,PCX
RTH,VanEck Vectors Retail ETF,Equities,Developed Markets,VanEck Asset Management,USD,NMS
RTM,Invesco S&P 500 Equal Weight Materials ETF,Equities,Developed Markets,Invesco Investment Management,USD,PCX
RUSL,Direxion Daily Russia Bull 2X Shares,Derivatives,Emerging Markets,Direxion Funds,USD,PCX
RVNU,Xtrackers Municipal Infrastructure Revenue Bond ETF,Fixed Income,Municipal Bonds,Xtrackers,USD,PCX
RWGV,Direxion Russell 1000 Growth Over Value ETF,Equities,Growth,Direxion Funds,USD,PCX
RWJ,Invesco S&P SmallCap 600 Revenue ETF,Equities,Small Cap,Invesco Investment Management,USD,PCX
RWK,Invesco S&P MidCap 400 Revenue ETF,Equities,Mid Cap,Invesco Investment Management,USD,PCX
RWL,Invesco S&P 500 Revenue ETF,Equities,Large Cap,Invesco Investment Management,USD,PCX
RWM,ProShares Short Russell2000,Equities,Small Cap,ProShares,USD,PCX
RWO,SPDR Dow Jones Global Real Estate ETF,Equities,REITs,State Street Global Advisors,USD,PCX
RWR,SPDR Dow Jones REIT ETF,Equities,REITs,State Street Global Advisors,USD,PCX
RWVG,Direxion Russell 1000 Value Over Growth ETF,Equities,Value,Direxion Funds,USD,PCX
RWX,SPDR Dow Jones International Real Estate ETF,Equities,REITs,State Street Global Advisors,USD,PCX
RXD,ProShares UltraShort Health Care,Equities,Developed Markets,ProShares,USD,PCX
RXI,iShares Global Consumer Discretionary ETF,Equities,Developed Markets,BlackRock Asset Management,USD,PCX
RXL,ProShares Ultra Health Care,Equities,Developed Markets,ProShares,USD,PCX
RYE,Invesco S&P 500 Equal Weight Energy ETF,Equities,Developed Markets,Invesco Investment Management,USD,PCX
RYF,Invesco S&P 500 Equal Weight Financials ETF,Equities,Financials,Invesco Investment Management,USD,PCX
RYH,Invesco S&P 500 Equal Weight Health Care ETF,Equities,Health Care,Invesco Investment Management,USD,PCX
RYJ,Invesco Raymond James SB-1 Equity ETF,Equities,Factors,Invesco Investment Management,USD,PCX
RYT,Invesco S&P 500 Equal Weight Technology ETF,Equities,Technology,Invesco Investment Management,USD,PCX
RYU,Invesco S&P 500 Equal Weight Utilities ETF,Equities,Utilities,Invesco Investment Management,USD,PCX
RZG,Invesco S&P SmallCap 600 Pure Growth ETF,Equities,Factors,Invesco Investment Management,USD,PCX
RZV,Invesco S&P SmallCap 600 Pure Value ETF,Equities,Factors,Invesco Investment Management,USD,PCX
SAA,ProShares Ultra SmallCap600,Alternatives,Small Cap,ProShares,USD,PCX
SAF,Saratoga Investment Corp 6.25% ,Financials,Uncategorized,,USD,NYQ
SBIO,ALPS Medical Breakthroughs ETF,Health Care,Mid Cap,ALPS ETF Trust,USD,PCX
SBM,ProShares Short Basic Materials,Materials,Trading,ProShares,USD,PCX
SBUG,iPath Silver ETN,Commodities,Uncategorized,Barclays,USD,PCX
SCC,ProShares UltraShort Consumer Services,Consumer Discretionary,Trading,ProShares,USD,PCX
SCDL,ETRACS 2x Leveraged US Dividend Factor TR ETN,Financials,Trading,UBS Asset Management,USD,PCX
SCHA,Schwab U.S. Small-Cap ETF,Financials,Small Cap,Schwab ETFs,USD,PCX
SCHB,Schwab U.S. Broad Market ETF,Financials,Large Cap,Schwab ETFs,USD,PCX
SCHC,Schwab International Small-Cap Equity ETF,Financials,Small Cap,Schwab ETFs,USD,PCX
SCHD,Schwab U.S. Dividend Equity ETF,Fixed Income,Value,Schwab ETFs,USD,PCX
SCHE,Schwab Emerging Markets Equity ETF,Fixed Income,Emerging Markets,Schwab ETFs,USD,PCX
SCHF,Schwab International Equity ETF,Fixed Income,Developed Markets,Schwab ETFs,USD,PCX
SCHG,Schwab U.S. Large-Cap Growth ETF,Fixed Income,Growth,Schwab ETFs,USD,PCX
SCHH,Schwab U.S. REIT ETF,Real Estate,REITs,Schwab ETFs,USD,PCX
SCHI,Schwab 5-10 Year Corporate Bond ETF,Fixed Income,Corporate Bonds,Schwab ETFs,USD,PCX
SCHJ,Schwab 1-5 Year Corporate Bond ETF,Fixed Income,Corporate Bonds,Schwab ETFs,USD,PCX
SCHK,Schwab 1000 ETF,Fixed Income,Large Cap,Schwab ETFs,USD,PCX
SCHM,Schwab U.S. Mid-Cap ETF,Fixed Income,Mid Cap,Schwab ETFs,USD,PCX
SCHO,Schwab Short-Term U.S. Treasury ETF,Fixed Income,Treasury Bonds,Schwab ETFs,USD,PCX
SCHP,Schwab U.S. TIPS ETF,Fixed Income,Inflation-Protected Securities,Schwab ETFs,USD,PCX
SCHQ,Schwab Long-Term U.S. Treasury ETF,Fixed Income,Treasury Bonds,Schwab ETFs,USD,PCX
SCHR,Schwab Intermediate-Term U.S. Treasury ETF,Fixed Income,Treasury Bonds,Schwab ETFs,USD,PCX
SCHV,Schwab U.S. Large-Cap Value ETF,Fixed Income,Value,Schwab ETFs,USD,PCX
SCHX,Schwab U.S. Large-Cap ETF,Fixed Income,Large Cap,Schwab ETFs,USD,PCX
SCHY,Schwab Strategic Trust - Schwab International Dividend Equity ETF,Fixed Income,Developed Markets,,USD,PCX
SCHZ,Schwab U.S. Aggregate Bond ETF,Fixed Income,Investment Grade Bonds,Schwab ETFs,USD,PCX
SCJ,iShares MSCI Japan Small-Cap ETF,Fixed Income,Small Cap,BlackRock Asset Management,USD,PCX
SCMB,Schwab Municipal Bond ETF,Fixed Income,Municipal Bonds,Schwab ETFs,USD,PCX
SCO,ProShares UltraShort Bloomberg Crude Oil,Commodities,Trading,ProShares,USD,PCX
SCZ,iShares MSCI EAFE Small-Cap ETF,Fixed Income,Small Cap,BlackRock Asset Management,USD,NGM
SDCI,USCF SummerHaven Dynamic Commodity Strategy No K-1 Fund,Commodities,Commodities Broad Basket,USCF Investments,USD,PCX
SDD,ProShares UltraShort SmallCap600,Derivatives,Trading,ProShares,USD,PCX
SDEF,Sound Enhanced Fixed Income ETF,Fixed Income,Corporate Bonds,Sound ETF,USD,PCX
SDEI,Sound Equity Income ETF,Fixed Income,Uncategorized,Sound ETF,USD,PCX
SDEM,Global X MSCI SuperDividend Emerging Markets ETF,Fixed Income,Emerging Markets,Global X Funds,USD,PCX
SDG,iShares MSCI Global Impact ETF,Fixed Income,Uncategorized,BlackRock Asset Management,USD,NMS
SDGA,Impact Shares Sustainable Development Goals Global Equity ETF,Fixed Income,Factors,Impact Shares,USD,PCX
SDIV,Global X SuperDividend ETF,Fixed Income,Uncategorized,Global X Funds,USD,PCX
SDOG,ALPS Sector Dividend Dogs ETF,Fixed Income,Factors,ALPS ETF Trust,USD,PCX
SDOW,ProShares UltraPro Short Dow30,Derivatives,Trading,ProShares,USD,PCX
SDP,ProShares UltraShort Utilities,Derivatives,Trading,ProShares,USD,PCX
SDS,ProShares UltraShort S&P500,Derivatives,Trading,ProShares,USD,PCX
SDVY,First Trust SMID Cap Rising Dividend Achievers ETF,Fixed Income,Uncategorized,First Trust Advisors,USD,NMS
SDY,SPDR S&P Dividend ETF,Fixed Income,Factors,State Street Global Advisors,USD,PCX
SEF,ProShares Short Financials,Financials,Trading,ProShares,USD,PCX
SEIX,Virtus Seix Senior Loan ETF,Fixed Income,Uncategorized,Virtus,USD,PCX
SENT,AdvisorShares Alpha DNA Equity Sentiment ETF,Financials,Blend,AdvisorShares,USD,PCX
SFY,SoFi Select 500 ETF,Financials,Blend,SoFi,USD,PCX
SFYF,SoFi Social 50 ETF,Financials,Blend,SoFi,USD,PCX
SFYX,SoFi Next 500 ETF,Financials,Blend,SoFi,USD,PCX
SGDJ,Sprott Junior Gold Miners ETF,Materials,Small Cap,Sprott,USD,PCX
SGDM,Sprott Gold Miners ETF,Materials,Large Cap,Sprott,USD,PCX
SGG,iPath Series B Bloomberg Sugar Subindex Total Return ETN,Commodities,Uncategorized,Barclays,USD,PCX
SGOL,Aberdeen Standard Gold ETF Trust,Commodities,Uncategorized,Aberdeen Standard Investments,USD,PCX
SGOV,iShares 0-3 Month Treasury Bond ETF,Fixed Income,Treasury Bonds,BlackRock Asset Management,USD,PCX
SH,ProShares Short S&P500,Derivatives,Large Cap,ProShares,USD,PCX
SHE,SPDR SSGA Gender Diversity Index ETF,Real Estate,Blend,State Street Global Advisors,USD,PCX
SHLD,VictoryShares Protect America ETF,Industrials,Uncategorized,Victory Capital,USD,NMS
SHM,SPDR Nuveen Bloomberg Barclays Short Term Municipal Bond ETF,Fixed Income,Municipal Bonds,State Street Global Advisors,USD,PCX
SHV,iShares Short Treasury Bond ETF,Fixed Income,Treasury Bonds,BlackRock Asset Management,USD,NGM
SHY,iShares 1-3 Year Treasury Bond ETF,Fixed Income,Treasury Bonds,BlackRock Asset Management,USD,NGM
SHYG,iShares 0-5 Year High Yield Corporate Bond ETF,Fixed Income,High Yield Bonds,BlackRock Asset Management,USD,PCX
SHYL,Xtrackers Short Duration High Yield Bond ETF,Fixed Income,High Yield Bonds,Xtrackers,USD,PCX
SIJ,ProShares UltraShort Industrials,Derivatives,Trading,ProShares,USD,PCX
SIL,Global X Silver Miners ETF,Materials,Materials,Global X Funds,USD,PCX
SILJ,ETFMG Prime Junior Silver Miners ETF,Materials,Materials,ETF Management,USD,PCX
SIMS,SPDR S&P Kensho Intelligent Structures ETF,Industrials,Utilities,State Street Global Advisors,USD,PCX
SIVR,Aberdeen Standard Physical Silver Shares ETF,Commodities,Uncategorized,Aberdeen Standard Investments,USD,PCX
SIXA,6 Meridian Mega Cap Equity ETF,Real Estate,Large Cap,AdvisorShares,USD,PCX
SIXH,6 Meridian Hedged Equity-Index Option Strategy ETF,Real Estate,Large Cap,AdvisorShares,USD,PCX
SIXL,6 Meridian Low Beta Equity Strategy ETF,Real Estate,Large Cap,AdvisorShares,USD,PCX
SIXS,6 Meridian Small Cap Equity ETF,Real Estate,Small Cap,AdvisorShares,USD,PCX
SIZE,iShares MSCI USA Size Factor ETF,Real Estate,Small Cap,BlackRock Asset Management,USD,PCX
SJB,ProShares Short High Yield,Derivatives,High Yield Bonds,ProShares,USD,PCX
SJNK,SPDR Bloomberg Barclays Short Term High Yield Bond ETF,Fixed Income,High Yield Bonds,State Street Global Advisors,USD,PCX
SKF,ProShares UltraShort Financials,Derivatives,Trading,ProShares,USD,PCX
SKOR,FlexShares Credit-Scored US Corporate Bond Index Fund,Fixed Income,Corporate Bonds,Flexshares Trust,USD,NMS
SKYU,ProShares Ultra Cloud Computing,Derivatives,Trading,ProShares,USD,NMS
SKYY,First Trust Cloud Computing ETF,Information Technology,Technology,First Trust Advisors,USD,NGM
SLBT,Russell 2000 Low Beta ETF,Equities,Small Cap,,,PCX
SLQD,iShares 0-5 Year Investment Grade Corporate Bond ETF,Fixed Income,Corporate Bonds,BlackRock Asset Management,USD,NMS
SLV,iShares Silver Trust,Commodities,Uncategorized,BlackRock Asset Management,USD,PCX
SLX,VanEck Vectors ETF Trust - VanEck Vectors Steel ETF,Materials,Developed Markets,VanEck Asset Management,USD,PCX
SLY,SPDR S&P 600 Small Cap ETF,Equities,Small Cap,State Street Global Advisors,USD,PCX
SLYG,SPDR S&P 600 Small Cap Growth ETF,Equities,Small Cap,State Street Global Advisors,USD,PCX
SLYV,SPDR S&P 600 Small Cap Value ETF,Equities,Small Cap,State Street Global Advisors,USD,PCX
SMDD,ProShares UltraPro Short MidCap400,Equities,Mid Cap,ProShares,USD,PCX
SMDY,Syntax Stratified MidCap ETF,Uncategorized,Mid Cap,Syntax,USD,PCX
SMH,VanEck Vectors Semiconductor ETF,Information Technology,Technology,VanEck Asset Management,USD,NMS
SMHB,ETRACS 2xMonthly Pay Leveraged US Small Cap High Dividend ETN,Uncategorized,Small Cap,Credit Suisse Asset Management,USD,PCX
SMLE,Xtrackers S&P SmallCap 600 ESG ETF,Uncategorized,Small Cap,Xtrackers,USD,PCX
SMLF,iShares MSCI USA Small-Cap Multifactor ETF,Uncategorized,Small Cap,BlackRock Asset Management,USD,PCX
SMLV,SPDR SSGA US Small Cap Low Volatility Index ETF,Equities,Small Cap,State Street Global Advisors,USD,PCX
SMMU,PIMCO Short Term Municipal Bond Active Exchange-Traded Fund,Fixed Income,Municipal Bonds,PIMCO Global Advisors,USD,PCX
SMN,ProShares UltraShort Basic Materials,Materials,Trading,ProShares,USD,PCX
SMOG,VanEck Vectors Low Carbon Energy ETF,Energy,Developed Markets,VanEck Asset Management,USD,PCX
SNLN,Highland/iBoxx Senior Loan ETF,Fixed Income,Corporate Bonds,Highland Funds,USD,NGM
SNPE,Xtrackers S&P 500 ESG ETF,Equities,Developed Markets,Xtrackers,USD,PCX
SNSR,Global X Internet of Things ETF,Information Technology,Uncategorized,Global X Funds,USD,NGM
SNUG,Alpha Architect Merlyn.AI Tactical Growth and Income ETF,Alternatives,Uncategorized,Alpha Architect,USD,NMS
SOCL,Global X Funds - Global X Social Media ETF,Communication Services,Uncategorized,Global X Funds,USD,NGM
SOJB,The Southern Company JR SUB NT 76,Fixed Income,Corporate Bonds,,USD,NYQ
SOXL,Direxion Daily Semiconductor Bull 3X Shares,Information Technology,Trading,Direxion Funds,USD,PCX
SOXQ,Invesco PHLX Semiconductor ETF,Information Technology,Technology,Invesco Investment Management,USD,NGM
SOXS,Direxion Daily Semiconductor Bear 3X Shares,Information Technology,Trading,Direxion Funds,USD,PCX
SOXX,iShares PHLX Semiconductor ETF,Information Technology,Technology,BlackRock Asset Management,USD,NGM
SOYB,Teucrium Soybean,Commodities,Uncategorized,Teucrium,USD,PCX
SPAB,SPDR Portfolio Aggregate Bond ETF,Fixed Income,Investment Grade Bonds,State Street Global Advisors,USD,PCX
SPAK,Defiance Next Gen SPAC Derived ETF,Financials,Uncategorized,Defiance ETFs,USD,PCX
SPBO,SPDR Portfolio Corporate Bond ETF,Fixed Income,Corporate Bonds,State Street Global Advisors,USD,PCX
SPD,Simplify US Equity PLUS Downside Convexity ETF,Financials,Uncategorized,Simplify Asset Management,USD,PCX
SPDN,Direxion Daily S&P 500 Bear 1X Shares,Derivatives,Trading,Direxion Funds,USD,PCX
SPDV,AAM S&P 500 High Dividend Value ETF,Financials,Value,Aptus Capital Advisors,USD,PCX
SPDW,SPDR Portfolio Developed World ex-US ETF,Financials,Developed Markets,State Street Global Advisors,USD,PCX
SPEM,SPDR Portfolio Emerging Markets ETF,Financials,Emerging Markets,State Street Global Advisors,USD,PCX
SPEU,SPDR Portfolio Europe ETF,Financials,Developed Markets,State Street Global Advisors,USD,PCX
SPFF,Global X SuperIncome Preferred ETF,Financials,Uncategorized,Global X Funds,USD,PCX
SPGM,SPDR Portfolio MSCI Global Stock Market ETF,Financials,Developed Markets,State Street Global Advisors,USD,PCX
SPGP,Invesco S&P 500 GARP ETF,Financials,Growth,Invesco Investment Management,USD,PCX
SPHB,Invesco S&P 500 High Beta ETF,Financials,Factors,Invesco Investment Management,USD,PCX
SPHD,Invesco S&P 500 High Dividend Low Volatility ETF,Financials,Factors,Invesco Investment Management,USD,PCX
SPHQ,Invesco S&P 500 Quality ETF,Financials,Large Cap,Invesco Investment Management,USD,PCX
SPHY,SPDR Portfolio High Yield Bond ETF,Fixed Income,High Yield Bonds,State Street Global Advisors,USD,PCX
SPIB,SPDR Portfolio Intermediate Term Corporate Bond ETF,Fixed Income,Corporate Bonds,State Street Global Advisors,USD,PCX
SPIP,SPDR Portfolio TIPS ETF,Fixed Income,Inflation-Protected Securities,State Street Global Advisors,USD,PCX
SPLB,SPDR Portfolio Long Term Corporate Bond ETF,Fixed Income,Corporate Bonds,State Street Global Advisors,USD,PCX
SPLG,SPDR Portfolio S&P 500 ETF,Financials,Large Cap,State Street Global Advisors,USD,PCX
SPLV,Invesco S&P 500 Low Volatility ETF,Financials,Large Cap,Invesco Investment Management,USD,PCX
SPMB,SPDR Portfolio Mortgage Backed Bond ETF,Fixed Income,Uncategorized,State Street Global Advisors,USD,PCX
SPMD,SPDR Portfolio S&P 400 Mid Cap ETF,Financials,Mid Cap,State Street Global Advisors,USD,PCX
SPMO,Invesco S&P 500 Momentum ETF,Financials,Large Cap,Invesco Investment Management,USD,PCX
SPQQ,Siren Large Cap Blend Index ETF,Information Technology,Large Cap,Exchange Traded Concepts,USD,NMS
SPRE,SP Funds S&P Global REIT Sharia ETF,Real Estate,REITs,SP Funds,USD,PCX
SPSB,SPDR Portfolio Short Term Corporate Bond ETF,Fixed Income,Corporate Bonds,State Street Global Advisors,USD,PCX
SPSK,SP Funds Dow Jones Global Sukuk ETF,Fixed Income,Corporate Bonds,SP Funds,USD,PCX
SPSM,SPDR Portfolio S&P 600 Small Cap ETF,Alternatives,Small Cap,State Street Global Advisors,USD,PCX
SPTI,SPDR Portfolio Intermediate Term Treasury ETF,Fixed Income,Treasury Bonds,State Street Global Advisors,USD,PCX
SPTL,SPDR Portfolio Long Term Treasury ETF,Fixed Income,Treasury Bonds,State Street Global Advisors,USD,PCX
SPTM,SPDR Portfolio S&P 1500 Composite Stock Market ETF,Alternatives,Blend,State Street Global Advisors,USD,PCX
SPTS,SPDR Portfolio Short Term Treasury ETF,Fixed Income,Treasury Bonds,State Street Global Advisors,USD,PCX
SPUC,Simplify US Equity PLUS Upside Convexity ETF,Information Technology,Uncategorized,Simplify Asset Management,USD,PCX
SPUS,SP Funds S&P 500 Sharia Industry Exclusions ETF,Alternatives,Large Cap,SP Funds,USD,PCX
SPUU,Direxion Daily S&P 500 Bull 2X Shares,Alternatives,Large Cap,Direxion Funds,USD,PCX
SPVM,Invesco S&P 500 Value with Momentum ETF,Alternatives,Value,Invesco Investment Management,USD,PCX
SPVU,Invesco S&P 500 Enhanced Value ETF,Alternatives,Value,Invesco Investment Management,USD,PCX
SPXB,ProShares S&P 500 Bond ETF,Fixed Income,Corporate Bonds,ProShares,USD,PCX
SPXE,ProShares S&P 500 ex-Energy ETF,Alternatives,Large Cap,ProShares,USD,PCX
SPXL,Direxion Daily S&P500 Bull 3X Shares,Alternatives,Large Cap,Direxion Funds,USD,PCX
SPXN,ProShares S&P 500 ex-Financials ETF,Alternatives,Large Cap,ProShares,USD,PCX
SPXS,Direxion Daily S&P 500 Bear 3X Shares,Derivatives,Large Cap,Direxion Funds,USD,PCX
SPXT,ProShares S&P 500 ex-Technology ETF,Alternatives,Large Cap,ProShares,USD,PCX
SPXU,ProShares UltraPro Short S&P500,Derivatives,Large Cap,ProShares,USD,PCX
SPXV,ProShares S&P 500 ex-Health Care ETF,Alternatives,Large Cap,ProShares,USD,PCX
SPXZ,Morgan Creek - Exos SPAC Originated ETF,Alternatives,Factors,Morgan Creek,USD,PCX
SPY,SPDR S&P 500 ETF Trust,Alternatives,Large Cap,State Street Global Advisors,USD,PCX
SPYC,Simplify US Equity PLUS Convexity ETF,Alternatives,Uncategorized,Simplify Asset Management,USD,PCX
SPYD,SPDR Portfolio S&P 500 High Dividend ETF,Alternatives,Large Cap,State Street Global Advisors,USD,PCX
SPYG,SPDR Portfolio S&P 500 Growth ETF,Alternatives,Growth,State Street Global Advisors,USD,PCX
SPYV,SPDR Portfolio S&P 500 Value ETF,Equities,Value,State Street Global Advisors,USD,PCX
SPYX,SPDR S&P 500 Fossil Fuel Reserves Free ETF,Equities,Large Cap,State Street Global Advisors,USD,PCX
SQEW,LeaderShares Equity Skew ETF,Uncategorized,Uncategorized,LeaderShares,USD,PCX
SQLV,Legg Mason Small-Cap Quality Value ETF,Equities,Value,AdvisorShares,USD,NGM
SQQQ,ProShares UltraPro Short QQQ,Equities,Trading,ProShares,USD,NMS
SRET,Global X SuperDividend REIT ETF,Real Estate,REITs,Global X Funds,USD,NGM
SRLN,SPDR Blackstone Senior Loan ETF,Fixed Income,Bonds,State Street Global Advisors,USD,PCX
SRS,ProShares UltraShort Real Estate,Real Estate,Trading,ProShares,USD,PCX
SRTY,ProShares UltraPro Short Russell2000,Equities,Small Cap,ProShares,USD,PCX
SRVR,Pacer Benchmark Data & Infrastructure Real Estate SCTR ETF,Real Estate,REITs,Pacer,USD,PCX
SSG,ProShares UltraShort Semiconductors,Derivatives,Trading,ProShares,USD,PCX
SSLY,Syntax Stratified SmallCap ETF,Equities,Small Cap,Syntax,USD,PCX
SSO,ProShares Ultra S&P500,Derivatives,Large Cap,ProShares,USD,PCX
SSPY,Syntax Stratified LargeCap ETF,Uncategorized,Large Cap,Syntax,USD,PCX
SSUS,Day Hagan/Ned Davis Research Smart Sector ETF,Equities,Factors,Day Hagan,USD,PCX
STIP,iShares 0-5 Year TIPS Bond ETF,Fixed Income,Inflation-Protected Securities,BlackRock Asset Management,USD,PCX
STNC,Stance Equity ESG Large Cap Core ETF,Information Technology,Large Cap,Stance,USD,PCX
STPZ,PIMCO 1-5 Year U.S. TIPS Index Exchange-Traded Fund,Fixed Income,Inflation-Protected Securities,PIMCO Global Advisors,USD,PCX
SUB,iShares Short-Term National Muni Bond ETF,Fixed Income,Municipal Bonds,BlackRock Asset Management,USD,PCX
SUBZ,Roundhill Streaming Services & Technology ETF,Information Technology,Uncategorized,Roundhill Investments,USD,PCX
SUSA,iShares MSCI USA ESG Select ETF,Information Technology,Developed Markets,BlackRock Asset Management,USD,PCX
SUSB,iShares ESG 1-5 Year USD Corporate Bond ETF,Fixed Income,Corporate Bonds,BlackRock Asset Management,USD,NMS
SUSL,iShares ESG MSCI USA Leaders ETF,Information Technology,Developed Markets,BlackRock Asset Management,USD,NMS
SVOL,Simplify Volatility Premium ETF,Derivatives,Factors,Simplify Asset Management,USD,PCX
SWAN,Amplify BlackSwan Growth & Treasury Core ETF,Alternatives,Uncategorized,Amplify ETFs,USD,PCX
SYE,SPDR MFS Systematic Core Equity ETF,Financials,Blend,State Street Global Advisors,USD,PCX
SYG,SPDR MFS Systematic Growth Equity ETF,Financials,Growth,State Street Global Advisors,USD,PCX
SYUS,Syntax Stratified U.S. Total Market ETF,Financials,Blend,Syntax,USD,PCX
SYV,SPDR MFS Systematic Value Equity ETF,Financials,Value,State Street Global Advisors,USD,PCX
SZK,ProShares UltraShort Consumer Goods,Consumer Staples,Trading,ProShares,USD,PCX
SZNE,Pacer CFRA-Stovall Equal Weight Seasonal Rotation ETF,Financials,Uncategorized,Pacer,USD,PCX
TAAG,Trend Aggregation Growth ETF,Financials,Blend,AdvisorShares,USD,PCX
TADS,Trend Aggregation Dividend Stock ETF,Financials,Growth,AdvisorShares,USD,PCX
TAGS,Teucrium Agricultural Fund,Commodities,Uncategorized,Teucrium,USD,PCX
TAN,Invesco Solar ETF,Energy,Developed Markets,Invesco Investment Management,USD,PCX
TAXF,American Century Diversified Municipal Bond ETF,Fixed Income,Municipal Bonds,American Century Investments,USD,PCX
TBF,ProShares Short 20+ Year Treasury,Fixed Income,Treasury Bonds,ProShares,USD,PCX
TBT,ProShares UltraShort 20+ Year Treasury,Fixed Income,Treasury Bonds,ProShares,USD,PCX
TBX,ProShares Short 7-10 Year Treasury,Fixed Income,Treasury Bonds,ProShares,USD,PCX
TCHP,T. Rowe Price Blue Chip Growth ETF,Information Technology,Growth,T. Rowe Price,USD,PCX
TDIV,First Trust NASDAQ Technology Dividend Index Fund,Information Technology,Growth,First Trust Advisors,USD,NGM
TDSA,Cabana Target Drawdown 5 ETF,Alternatives,Uncategorized,Cabana,USD,PCX
TDSB,Cabana Target Drawdown 7 ETF,Alternatives,Uncategorized,Cabana,USD,PCX
TDSC,Cabana Target Drawdown 10 ETF,Alternatives,Uncategorized,Cabana,USD,PCX
TDSD,Cabana Target Drawdown 13 ETF,Alternatives,Uncategorized,Cabana,USD,PCX
TDSE,Cabana Target Drawdown 16 ETF,Alternatives,Uncategorized,Cabana,USD,PCX
TDTF,FlexShares iBoxx 5-Year Target Duration TIPS Index Fund,Fixed Income,Inflation-Protected Securities,Flexshares Trust,USD,PCX
TDTT,FlexShares iBoxx 3-Year Target Duration TIPS Index Fund,Fixed Income,Inflation-Protected Securities,Flexshares Trust,USD,PCX
TDVG,T. Rowe Price Dividend Growth ETF,Information Technology,Growth,T. Rowe Price,USD,PCX
TECB,iShares U.S. Tech Breakthrough Multisector ETF,Information Technology,Developed Markets,BlackRock Asset Management,USD,PCX
TECL,Direxion Daily Technology Bull 3X Shares,Information Technology,Developed Markets,Direxion Funds,USD,PCX
TECS,Direxion Daily Technology Bear 3X Shares,Information Technology,Developed Markets,Direxion Funds,USD,PCX
TEQI,T. Rowe Price Equity Income ETF,Alternatives,Value,T. Rowe Price,USD,PCX
TERM,EquityCompass Tactical Risk Manager ETF,Alternatives,Large Cap,Exchange Traded Concepts,USD,PCX
TFI,SPDR Nuveen Bloomberg Barclays Municipal Bond ETF,Fixed Income,Municipal Bonds,State Street Global Advisors,USD,PCX
TFLO,iShares Treasury Floating Rate Bond ETF,Fixed Income,Treasury Bonds,BlackRock Asset Management,USD,PCX
TGIF,SoFi Weekly Income ETF,Fixed Income,High Yield Bonds,Sofi,USD,PCX
TGRW,T. Rowe Price Growth Stock ETF,Financials,Growth,T. Rowe Price,USD,PCX
THCX,The Cannabis ETF,Health Care,Developed Markets,Exchange Traded Concepts,USD,PCX
THD,iShares MSCI Thailand ETF,Financials,Emerging Markets,BlackRock Asset Management,USD,PCX
THNQ,Robo Global Artificial Intelligence ETF,Information Technology,Technology,Robo Global,USD,PCX
TIP,iShares TIPS Bond ETF,Fixed Income,Inflation-Protected Securities,BlackRock Asset Management,USD,PCX
TIPX,SPDR Bloomberg Barclays 1-10 Year TIPS ETF,Fixed Income,Inflation-Protected Securities,State Street Global Advisors,USD,PCX
TIPZ,PIMCO Broad U.S. TIPS Index Exchange-Traded Fund,Fixed Income,Inflation-Protected Securities,PIMCO Global Advisors,USD,PCX
TLH,iShares 10-20 Year Treasury Bond ETF,Fixed Income,Treasury Bonds,BlackRock Asset Management,USD,PCX
TLT,iShares 20+ Year Treasury Bond ETF,Fixed Income,Treasury Bonds,BlackRock Asset Management,USD,NGM
TLTD,FlexShares Morningstar Developed Markets ex-US Factor Tilt Index Fund,Information Technology,Developed Markets,Flexshares Trust,USD,PCX
TLTE,FlexShares Morningstar Emerging Markets Factor Tilt Index Fund,Information Technology,Emerging Markets,Flexshares Trust,USD,PCX
TMF,Direxion Daily 20+ Year Treasury Bull 3X Shares,Fixed Income,Treasury Bonds,Direxion Funds,USD,PCX
TMV,Direxion Daily 20+ Year Treasury Bear 3X Shares,Fixed Income,Treasury Bonds,Direxion Funds,USD,PCX
TNA,Direxion Daily Small Cap Bull 3X Shares,Financials,Small Cap,Direxion Funds,USD,PCX
TOK,iShares MSCI Kokusai ETF,Financials,Developed Markets,BlackRock Asset Management,USD,PCX
TOLZ,ProShares DJ Brookfield Global Infrastructure ETF,Real Estate,Developed Markets,ProShares,USD,PCX
TOTL,SPDR DoubleLine Total Return Tactical ETF,Fixed Income,Investment Grade Bonds,State Street Global Advisors,USD,PCX
TPHD,Timothy Plan High Dividend Stock ETF,Financials,Value,Timothy Plan,USD,PCX
TPIF,Timothy Plan International ETF,Financials,Developed Markets,Timothy Plan,USD,PCX
TPLC,Timothy Plan US Large/Mid Cap Core ETF,Financials,Large Cap,Timothy Plan,USD,PCX
TPOR,Direxion Daily Transportation Bull 3X Shares,Industrials,Trading,Direxion Funds,USD,PCX
TPSC,Timothy Plan US Small Cap Core ETF,Financials,Small Cap,Timothy Plan,USD,PCX
TPVY,TriplePoint Venture Growth BDC Corp.,Financials,Uncategorized,,USD,NYQ
TPYP,Tortoise North American Pipeline Fund,Energy,Energy,Tortoise Capital Advisors,USD,PCX
TQQQ,ProShares UltraPro QQQ,Information Technology,Large Cap,ProShares,USD,NMS
TRND,Pacer Trendpilot Fund of Funds ETF,Alternatives,Developed Markets,Pacer,USD,PCX
TTT,ProShares UltraPro Short 20+ Year Treasury,Fixed Income,Treasury Bonds,ProShares,USD,PCX
TUR,iShares MSCI Turkey ETF,Equities,Emerging Markets,BlackRock Asset Management,USD,NMS
TUSA,First Trust Total US Market AlphaDEX ETF,Equities,Blend,First Trust Advisors,USD,NGM
TWIO,Trajan Wealth Income Opportunities ETF,Equities,Corporate Bonds,AdvisorShares,USD,PCX
TWM,ProShares UltraShort Russell2000,Equities,Small Cap,ProShares,USD,PCX
TYD,Direxion Daily 7-10 Year Treasury Bull 3X Shares,Equities,Treasury Bonds,Direxion Funds,USD,PCX
TYO,Direxion Daily 7-10 Year Treasury Bear 3X Shares,Equities,Treasury Bonds,Direxion Funds,USD,PCX
TZA,Direxion Daily Small Cap Bear 3X Shares,Equities,Small Cap,Direxion Funds,USD,PCX
UAE,iShares MSCI UAE ETF,Equities,Emerging Markets,BlackRock Asset Management,USD,NMS
UBOT,"Direxion Daily Robotics, Artificial Intelligence & Automation Index Bull 2X Shares",Information Technology,Trading,Direxion Funds,USD,PCX
UBR,ProShares Ultra MSCI Brazil Capped,Financials,Emerging Markets,ProShares,USD,PCX
UBT,ProShares Ultra 20+ Year Treasury,Fixed Income,Treasury Bonds,ProShares,USD,PCX
UCC,ProShares Ultra Consumer Services,Equities,Developed Markets,ProShares,USD,PCX
UCIB,UBS ETRACS UBS Bloomberg Constant Maturity Commodity Index (CMCI) Total Return ETN Series B,Commodities,Investment Grade Bonds,UBS Asset Management,USD,PCX
UCO,ProShares Ultra Bloomberg Crude Oil,Equities,Trading,ProShares,USD,PCX
UCON,First Trust TCW Unconstrained Plus Bond ETF,Equities,Corporate Bonds,First Trust Advisors,USD,PCX
UCYB,ProShares Ultra Nasdaq Cybersecurity,Equities,Developed Markets,ProShares,USD,NGM
UDN,Invesco DB US Dollar Index Bearish Fund,Equities,Currencies,Invesco Investment Management,USD,PCX
UDOW,ProShares UltraPro Dow30,Equities,Large Cap,ProShares,USD,PCX
UEVM,VictoryShares USAA MSCI Emerging Markets Value Momentum ETF,Financials,Emerging Markets,Victory Capital,USD,PCX
UFO,Procure Space ETF,Industrials,Uncategorized,Procure ETF Trust,USD,NMS
UGA,"United States Gasoline Fund, LP",Energy,Uncategorized,USCF Investments,USD,PCX
UGCE,Uncommon Portfolio Design Core Equity ETF,Financials,Uncategorized,Uncommon Investment Advisors,USD,PCX
UGE,ProShares Ultra Consumer Goods,Consumer Staples,Trading,ProShares,USD,PCX
UGL,ProShares Ultra Gold,Commodities,Trading,ProShares,USD,PCX
UITB,VictoryShares USAA Core Intermediate-Term Bond ETF,Equities,Corporate Bonds,Victory Capital,USD,PCX
UIVM,VictoryShares USAA MSCI International Value Momentum ETF,Equities,Value,Victory Capital,USD,PCX
UJB,ProShares Ultra High Yield,Fixed Income,High Yield Bonds,ProShares,USD,PCX
ULE,ProShares Ultra Euro,Currencies,Trading,ProShares,USD,PCX
ULST,SPDR SSgA Ultra Short Term Bond ETF,Fixed Income,Corporate Bonds,State Street Global Advisors,USD,PCX
ULTR,IQ Ultra Short Duration ETF,Fixed Income,Corporate Bonds,IndexIQ,USD,PCX
ULVM,VictoryShares USAA MSCI USA Value Momentum ETF,Alternatives,Blend,Victory Capital,USD,PCX
UMDD,ProShares UltraPro MidCap400,Derivatives,Mid Cap,ProShares,USD,PCX
UMI,USCF Midstream Energy Income Fund,Energy,Mid Cap,USCF Investments,USD,PCX
UNG,"United States Natural Gas Fund, LP",Commodities,Uncategorized,USCF Investments,USD,PCX
UNL,"United States 12 Month Natural Gas Fund, LP",Commodities,Uncategorized,USCF Investments,USD,PCX
UPRO,ProShares UltraPro S&P500,Derivatives,Large Cap,ProShares,USD,PCX
UPV,ProShares Ultra FTSE Europe,Derivatives,Developed Markets,ProShares,USD,PCX
UPW,ProShares Ultra Utilities,Derivatives,Trading,ProShares,USD,PCX
URA,Global X Uranium ETF,Materials,Developed Markets,Global X Funds,USD,PCX
URE,ProShares Ultra Real Estate,Real Estate,REITs,ProShares,USD,PCX
URNM,North Shore Global Uranium Mining ETF,Materials,Developed Markets,Exchange Traded Concepts,USD,PCX
URTH,iShares MSCI World ETF,Financials,Developed Markets,BlackRock Asset Management,USD,PCX
URTY,ProShares UltraPro Russell2000,Financials,Small Cap,ProShares,USD,PCX
USAI,Pacer American Energy Independence ETF,Energy,Developed Markets,Pacer,USD,PCX
USCI,"United States Commodity Index Fund, LP",Commodities,Uncategorized,USCF Investments,USD,PCX
USD,ProShares Ultra Semiconductors,Information Technology,Developed Markets,ProShares,USD,PCX
USDU,WisdomTree Bloomberg U.S. Dollar Bullish Fund,Currencies,Currencies,WisdomTree Asset Management,USD,PCX
USFR,WisdomTree Floating Rate Treasury Fund,Fixed Income,Treasury Bonds,WisdomTree Asset Management,USD,PCX
USHG,AGFiQ Dynamic Hedged U.S. Equity ETF,Equities,Large Cap,AGF Investments,USD,PCX
USI,Principal Ultra-Short Active Income ETF,Fixed Income,Investment Grade Bonds,Principal Funds,USD,PCX
USIG,iShares Broad USD Investment Grade Corporate Bond ETF,Fixed Income,Corporate Bonds,BlackRock Asset Management,USD,NGM
USL,"United States 12 Month Oil Fund, LP",Energy,Uncategorized,USCF Investments,USD,PCX
USLB,Invesco Russell 1000 Low Beta Equal Weight ETF,Equities,Large Cap,Invesco Investment Management,USD,NGM
USMC,Principal U.S. Mega-Cap ETF,Equities,Large Cap,Principal Funds,USD,NMS
USML,ETRACS 2x Leveraged MSCI US Minimum Volatility Factor TR ETN,Equities,Large Cap,UBS Asset Management,USD,PCX
USO,"United States Oil Fund, LP",Energy,Uncategorized,USCF Investments,USD,PCX
USRT,iShares Core U.S. REIT ETF,Real Estate,REITs,BlackRock Asset Management,USD,PCX
USSG,Xtrackers MSCI USA ESG Leaders Equity ETF,Alternatives,Large Cap,Xtrackers,USD,PCX
UST,ProShares Ultra 7-10 Year Treasury,Fixed Income,Treasury Bonds,ProShares,USD,PCX
USTB,VictoryShares USAA Core Short-Term Bond ETF,Fixed Income,Treasury Bonds,Victory Capital,USD,PCX
USVM,VictoryShares USAA MSCI USA Small Cap Value Momentum ETF,Alternatives,Value,Victory Capital,USD,PCX
USXF,iShares ESG Advanced MSCI USA ETF,Alternatives,Developed Markets,BlackRock Asset Management,USD,NGM
UTES,Virtus Reaves Utilities ETF,Utilities,Uncategorized,Virtus,USD,PCX
UTRN,Vesper U.S. Large Cap Short-Term Reversal Strategy ETF,Alternatives,Large Cap,Exchange Traded Concepts,USD,PCX
UTSL,Direxion Daily Utilities Bull 3X Shares,Utilities,Trading,Direxion Funds,USD,PCX
UUP,Invesco DB US Dollar Index Bullish Fund,Currencies,Money Market Instruments,Invesco Investment Management,USD,PCX
UWM,ProShares Ultra Russell2000,Alternatives,Small Cap,ProShares,USD,PCX
UXI,ProShares Ultra Industrials,Industrials,Trading,ProShares,USD,PCX
UYG,ProShares Ultra Financials,Financials,Trading,ProShares,USD,PCX
UYM,ProShares Ultra Basic Materials,Materials,Trading,ProShares,USD,PCX
UZB,United States Cellular Corporation SR NT 120163,Fixed Income,Corporate Bonds,,USD,NYQ
VABS,Virtus Newfleet ABS/MBS ETF,Fixed Income,Corporate Bonds,Virtus,USD,PCX
VALQ,American Century STOXX U.S. Quality Value ETF,Equities,Value,American Century Investments,USD,PCX
VALT,ETFMG Sit Ultra Short ETF,Fixed Income,Money Market Instruments,ETF Management,USD,PCX
VAW,Vanguard Materials Index Fund ETF Shares,Materials,Small Cap,Vanguard Asset Management,USD,PCX
VB,Vanguard Small-Cap Index Fund ETF Shares,Equities,Small Cap,Vanguard Asset Management,USD,PCX
VBK,Vanguard Small-Cap Growth Index Fund ETF Shares,Equities,Small Cap,Vanguard Asset Management,USD,PCX
VBND,Vident Core U.S. Bond Strategy ETF,Fixed Income,Corporate Bonds,Vident Financial,USD,PCX
VBR,Vanguard Small-Cap Value Index Fund ETF Shares,Equities,Small Cap,Vanguard Asset Management,USD,PCX
VCAR,Simplify Volt RoboCar Disruption and Tech ETF,Information Technology,Technology,Simplify Asset Management,USD,PCX
VCIT,Vanguard Intermediate-Term Corporate Bond Index Fund ETF Shares,Fixed Income,Corporate Bonds,Vanguard Asset Management,USD,NGM
VCLO,Simplify Volt Cloud and Cybersecurity Disruption ETF,Information Technology,Technology,Simplify Asset Management,USD,PCX
VCLT,Vanguard Long-Term Corporate Bond Index Fund ETF Shares,Fixed Income,Corporate Bonds,Vanguard Asset Management,USD,NMS
VCR,Vanguard Consumer Discretionary Index Fund ETF Shares,Consumer Discretionary,Value,Vanguard Asset Management,USD,PCX
VCSH,Vanguard Short-Term Corporate Bond Index Fund ETF Shares,Fixed Income,Corporate Bonds,Vanguard Asset Management,USD,NGM
VDC,Vanguard Consumer Staples Index Fund ETF Shares,Consumer Staples,Value,Vanguard Asset Management,USD,PCX
VDE,Vanguard Energy Index Fund ETF Shares,Energy,Value,Vanguard Asset Management,USD,PCX
VEA,Vanguard FTSE Developed Markets Index Fund ETF Shares,Equities,Developed Markets,Vanguard Asset Management,USD,PCX
VEGA,AdvisorShares STAR Global Buy-Write ETF,Alternatives,Uncategorized,AdvisorShares,USD,PCX
VEGI,iShares MSCI Global Agriculture Producers ETF,Materials,Materials,BlackRock Asset Management,USD,PCX
VEGN,US Vegan Climate ETF,Equities,Factors,Amphitryon Capital Management,USD,PCX
VETS,Pacer Military Times Best Employers ETF,Industrials,Factors,Pacer,USD,NMS
VEU,Vanguard FTSE All-World ex-US Index Fund ETF Shares,Real Estate,Developed Markets,Vanguard Asset Management,USD,PCX
VFH,Vanguard Financials Index Fund ETF Shares,Financials,Financials,Vanguard Asset Management,USD,PCX
VFIN,Simplify Volt Fintech Disruption ETF,Information Technology,Technology,Simplify Asset Management,USD,PCX
VGIT,Vanguard Intermediate-Term Treasury Index Fund ETF Shares,Fixed Income,Treasury Bonds,Vanguard Asset Management,USD,NMS
VGK,Vanguard FTSE Europe Index Fund ETF Shares,Equities,Developed Markets,Vanguard Asset Management,USD,PCX
VGLT,Vanguard Long-Term Treasury Index Fund ETF Shares,Fixed Income,Treasury Bonds,Vanguard Asset Management,USD,NMS
VGSH,Vanguard Short-Term Treasury Index Fund ETF Shares,Fixed Income,Treasury Bonds,Vanguard Asset Management,USD,NMS
VGT,Vanguard Information Technology Index Fund ETF Shares,Information Technology,Developed Markets,Vanguard Asset Management,USD,PCX
VHT,Vanguard Health Care Index Fund ETF Shares,Health Care,Developed Markets,Vanguard Asset Management,USD,PCX
VICE,AdvisorShares Vice ETF,Alternatives,Developed Markets,AdvisorShares,USD,PCX
VIDI,Vident International Equity Fund,Alternatives,Developed Markets,Vident Financial,USD,PCX
VIG,Vanguard Dividend Appreciation Index Fund ETF Shares,Alternatives,Developed Markets,Vanguard Asset Management,USD,PCX
VIGI,Vanguard International Dividend Appreciation Index Fund ETF Shares,Alternatives,Developed Markets,Vanguard Asset Management,USD,NMS
VIOG,Vanguard S&P Small-Cap 600 Growth Index Fund ETF Shares,Alternatives,Small Cap,Vanguard Asset Management,USD,PCX
VIOO,Vanguard S&P Small-Cap 600 Index Fund ETF Shares,Alternatives,Small Cap,Vanguard Asset Management,USD,PCX
VIOV,Vanguard S&P Small-Cap 600 Value Index Fund ETF Shares,Alternatives,Small Cap,Vanguard Asset Management,USD,PCX
VIS,Vanguard Industrials Index Fund ETF Shares,Industrials,Developed Markets,Vanguard Asset Management,USD,PCX
VLU,SPDR S&P 1500 Value Tilt ETF,Alternatives,Value,State Street Global Advisors,USD,PCX
VMBS,Vanguard Mortgage-Backed Securities Index Fund ETF Shares,Fixed Income,Investment Grade Bonds,Vanguard Asset Management,USD,NGM
VNLA,Janus Henderson Short Duration Income ETF,Fixed Income,Corporate Bonds,Janus Henderson,USD,PCX
VNMC,Natixis Vaughan Nelson Mid Cap ETF,Financials,Mid Cap,Natixis Funds,USD,PCX
VNQ,Vanguard Real Estate Index Fund ETF Shares,Real Estate,REITs,Vanguard Asset Management,USD,PCX
VNQI,Vanguard Global ex-U.S. Real Estate Index Fund ETF Shares,Real Estate,REITs,Vanguard Asset Management,USD,NGM
VNSE,Natixis Vaughan Nelson Select ETF,Financials,Blend,Natixis Funds,USD,PCX
VO,Vanguard Mid-Cap Index Fund ETF Shares,Financials,Mid Cap,Vanguard Asset Management,USD,PCX
VOE,Vanguard Mid-Cap Value Index Fund ETF Shares,Financials,Value,Vanguard Asset Management,USD,PCX
VONE,Vanguard Russell 1000 Index Fund ETF Shares,Financials,Large Cap,Vanguard Asset Management,USD,NGM
VONG,Vanguard Russell 1000 Growth Index Fund ETF Shares,Financials,Growth,Vanguard Asset Management,USD,NMS
VONV,Vanguard Russell 1000 Value Index Fund ETF Shares,Financials,Value,Vanguard Asset Management,USD,NGM
VOO,Vanguard S&P 500 ETF,Financials,Large Cap,Vanguard Asset Management,USD,PCX
VOOG,Vanguard S&P 500 Growth Index Fund ETF Shares,Financials,Growth,Vanguard Asset Management,USD,PCX
VOOV,Vanguard S&P 500 Value Index Fund ETF Shares,Financials,Value,Vanguard Asset Management,USD,PCX
VOT,Vanguard Mid-Cap Growth Index Fund ETF Shares,Financials,Growth,Vanguard Asset Management,USD,PCX
VOX,Vanguard Communication Services Index Fund ETF Shares,Communication Services,Blend,Vanguard Asset Management,USD,PCX
VPC,Virtus Private Credit ETF,Financials,Bonds,Virtus,USD,PCX
VPL,Vanguard FTSE Pacific Index Fund ETF Shares,Financials,Developed Markets,Vanguard Asset Management,USD,PCX
VPN,Global X Data Center REITs & Digital Infrastructure ETF,Real Estate,REITs,Global X Funds,USD,NGM
VPOP,Simplify Volt Pop Culture Disruption ETF,Financials,Blend,Simplify Asset Management,USD,PCX
VPU,Vanguard Utilities Index Fund ETF Shares,Utilities,Blend,Vanguard Asset Management,USD,PCX
VRAI,Virtus Real Asset Income ETF,Real Estate,Factors,Virtus,USD,PCX
VRIG,Invesco Variable Rate Investment Grade ETF,Fixed Income,Investment Grade Bonds,Invesco Investment Management,USD,NMS
VRP,Invesco Variable Rate Preferred ETF,Fixed Income,Bonds,Invesco Investment Management,USD,PCX
VSDA,VictoryShares Dividend Accelerator ETF,Financials,Blend,Victory Capital,USD,NMS
VSL,Volshares Large Cap ETF,Financials,Large Cap,Volshares,USD,PCX
VSLU,ETF Opportunities Trust - Applied Finance Valuation Large Cap ETF,Financials,Large Cap,,USD,PCX
VSMV,VictoryShares US Multi-Factor Minimum Volatility ETF,Financials,Blend,Victory Capital,USD,NGM
VSS,Vanguard FTSE All-World ex-US Small-Cap Index Fund ETF Shares,Financials,Small Cap,Vanguard Asset Management,USD,PCX
VT,Vanguard Total World Stock Index Fund ETF Shares,Financials,Blend,Vanguard Asset Management,USD,PCX
VTC,Vanguard Total Corporate Bond ETF ETF Shares,Fixed Income,Corporate Bonds,Vanguard Asset Management,USD,NGM
VTEB,Vanguard Tax-Exempt Bond Index Fund ETF Shares,Fixed Income,Municipal Bonds,Vanguard Asset Management,USD,PCX
VTHR,Vanguard Russell 3000 Index Fund ETF Shares,Financials,Large Cap,Vanguard Asset Management,USD,NMS
VTI,Vanguard Total Stock Market Index Fund ETF Shares,Financials,Blend,Vanguard Asset Management,USD,PCX
VTIP,Vanguard Short-Term Inflation-Protected Securities Index Fund ETF Shares,Fixed Income,Inflation-Protected Securities,Vanguard Asset Management,USD,NMS
VTV,Vanguard Value Index Fund ETF Shares,Financials,Value,Vanguard Asset Management,USD,PCX
VTWG,Vanguard Russell 2000 Growth Index Fund ETF Shares,Financials,Growth,Vanguard Asset Management,USD,NGM
VTWO,Vanguard Russell 2000 Index Fund ETF Shares,Financials,Small Cap,Vanguard Asset Management,USD,NMS
VTWV,Vanguard Russell 2000 Value Index Fund ETF Shares,Financials,Value,Vanguard Asset Management,USD,NMS
VUG,Vanguard Growth Index Fund ETF Shares,Financials,Growth,Vanguard Asset Management,USD,PCX
VUSE,Vident Core U.S. Equity Fund,Financials,Blend,Vident Financial,USD,PCX
VV,Vanguard Large-Cap Index Fund ETF Shares,Information Technology,Large Cap,Vanguard Asset Management,USD,PCX
VWO,Vanguard FTSE Emerging Markets Index Fund ETF Shares,Financials,Emerging Markets,Vanguard Asset Management,USD,PCX
VWOB,Vanguard Emerging Markets Government Bond Index Fund ETF Shares,Fixed Income,Government Bonds,Vanguard Asset Management,USD,NGM
VXF,Vanguard Extended Market Index Fund ETF Shares,Financials,Mid Cap,Vanguard Asset Management,USD,PCX
VXUS,Vanguard Total International Stock Index Fund ETF Shares,Financials,Developed Markets,Vanguard Asset Management,USD,NGM
VYM,Vanguard High Dividend Yield Index Fund ETF Shares,Financials,Value,Vanguard Asset Management,USD,PCX
VYMI,Vanguard International High Dividend Yield Index Fund ETF Shares,Financials,Value,Vanguard Asset Management,USD,NGM
WALA,Western Alliance Bancorporation SUB DEBENTURS 56,Fixed Income,Uncategorized,,USD,NYQ
WANT,Direxion Daily Cnsmr Discret Bull 3XShrs,Consumer Discretionary,Trading,Direxion Funds,USD,PCX
WBIE,WBI BullBear Rising Income 3000 ETF,Alternatives,Blend,WBI Investments,USD,PCX
WBIF,WBI BullBear Value 3000 ETF,Alternatives,Value,WBI Investments,USD,PCX
WBIG,WBI BullBear Yield 3000 ETF,Alternatives,Value,WBI Investments,USD,PCX
WBII,WBI BullBear Global Income ETF,Alternatives,Blend,WBI Investments,USD,PCX
WBIL,WBI BullBear Quality 3000 ETF,Alternatives,Blend,WBI Investments,USD,PCX
WBIN,WBI BullBear Trend Switch US Total Return ETF,Fixed Income,Factors,WBI Investments,USD,PCX
WBIT,WBI BullBear Trend Switch US 3000 Total Return ETF,Alternatives,Blend,WBI Investments,USD,PCX
WBIY,WBI Power Factor High Dividend ETF,Financials,Value,WBI Investments,USD,PCX
WBND,Western Asset Total Return ETF,Fixed Income,Investment Grade Bonds,Franklink Templeton Investments,USD,NMS
WCBR,WisdomTree Cybersecurity Fund,Information Technology,Uncategorized,WisdomTree Asset Management,USD,NGM
WCLD,WisdomTree Cloud Computing Fund,Information Technology,Growth,WisdomTree Asset Management,USD,NMS
WDIV,SPDR S&P Global Dividend ETF,Financials,Developed Markets,State Street Global Advisors,USD,PCX
WEAT,Teucrium Wheat,Commodities,Uncategorized,Teucrium,USD,PCX
WEBL,Direxion Daily Dow Jones Internet Bull 3X Shares,Information Technology,Trading,Direxion Funds,USD,PCX
WEBS,Direxion Daily Dow Jones Internet Bear 3X Shares,Information Technology,Trading,Direxion Funds,USD,PCX
WFH,Direxion Work From Home ETF,Information Technology,Technology,Direxion Funds,USD,PCX
WGLD,Wilshire wShares Enhanced Gold Trust ETF,Commodities,Uncategorized,wShares,USD,PCX
WHFBZ,"WhiteHorse Finance, Inc. - 6.50",Financials,Uncategorized,,USD,NMS
WINC,Western Asset Short Duration Income ETF,Fixed Income,Corporate Bonds,Franklink Templeton Investments,USD,NGM
WIP,SPDR FTSE International Government Inflation-Protected Bond ETF,Fixed Income,Inflation-Protected Securities,State Street Global Advisors,USD,PCX
WIZ,Alpha Architect Merlyn.AI Bull-Rider Bear-Fighter ETF,Uncategorized,Uncategorized,Alpha Architect,USD,PCX
WOMN,Impact Shares YWCA Women's Empowerment ETF,Equities,Large Cap,Impact Shares,USD,PCX
WOOD,iShares Global Timber & Forestry ETF,Materials,Materials,BlackRock Asset Management,USD,NMS
WPS,iShares International Developed Property ETF,Real Estate,REITs,BlackRock Asset Management,USD,PCX
WTMF,WisdomTree Managed Futures Strategy Fund,Alternatives,Derivatives,WisdomTree Asset Management,USD,PCX
WWJD,Inspire International ESG ETF,Equities,Factors,Inspire,USD,PCX
WWOW,Direxion World Without Waste ETF,Equities,Uncategorized,Direxion Funds,USD,PCX
XAR,SPDR S&P Aerospace & Defense ETF,Industrials,Industrials,State Street Global Advisors,USD,PCX
XBI,SPDR S&P Biotech ETF,Health Care,Health Care,State Street Global Advisors,USD,PCX
XBUY,Amplify International Online Retail ETF,Consumer Discretionary,Uncategorized,Amplify ETFs,USD,PCX
XCEM,Columbia EM Core ex-China ETF,Equities,Emerging Markets,Columbia Threadneedle,USD,PCX
XES,SPDR S&P Oil & Gas Equipment & Services ETF,Energy,Energy,State Street Global Advisors,USD,PCX
XHB,SPDR S&P Homebuilders ETF,Consumer Discretionary,Developed Markets,State Street Global Advisors,USD,PCX
XHE,SPDR S&P Health Care Equipment ETF,Health Care,Developed Markets,State Street Global Advisors,USD,PCX
XHS,SPDR S&P Health Care Services ETF,Health Care,Developed Markets,State Street Global Advisors,USD,PCX
XITK,SPDR FactSet Innovative Technology ETF,Information Technology,Developed Markets,State Street Global Advisors,USD,PCX
XLB,Materials Select Sector SPDR Fund,Materials,Materials,State Street Global Advisors,USD,PCX
XLC,Communication Services Select Sector SPDR Fund,Communication Services,Communications,State Street Global Advisors,USD,PCX
XLE,Energy Select Sector SPDR Fund,Energy,Energy,State Street Global Advisors,USD,PCX
XLF,Financial Select Sector SPDR Fund,Financials,Financials,State Street Global Advisors,USD,PCX
XLG,Invesco S&P 500 Top 50 ETF,Alternatives,Large Cap,Invesco Investment Management,USD,PCX
XLI,Industrial Select Sector SPDR Fund,Industrials,Industrials,State Street Global Advisors,USD,PCX
XLK,Technology Select Sector SPDR Fund,Information Technology,Technology,State Street Global Advisors,USD,PCX
XLP,Consumer Staples Select Sector SPDR Fund,Consumer Staples,Consumer Staples,State Street Global Advisors,USD,PCX
XLRE,The Real Estate Select Sector SPDR Fund,Real Estate,REITs,State Street Global Advisors,USD,PCX
XLSR,SPDR SSGA U.S. Sector Rotation ETF,Alternatives,Factors,State Street Global Advisors,USD,PCX
XLU,Utilities Select Sector SPDR Fund,Utilities,Utilities,State Street Global Advisors,USD,PCX
XLV,Health Care Select Sector SPDR Fund,Health Care,Health Care,State Street Global Advisors,USD,PCX
XLY,Consumer Discretionary Select Sector SPDR Fund,Consumer Discretionary,Consumer Discretionary,State Street Global Advisors,USD,PCX
XME,SPDR S&P Metals and Mining ETF,Materials,Materials,State Street Global Advisors,USD,PCX
XMHQ,Invesco S&P MidCap Quality ETF,Equities,Mid Cap,Invesco Investment Management,USD,PCX
XMLV,Invesco S&P MidCap Low Volatility ETF,Equities,Mid Cap,Invesco Investment Management,USD,PCX
XMVM,Invesco S&P MidCap Value with Momentum ETF,Alternatives,Mid Cap,Invesco Investment Management,USD,PCX
XNTK,SPDR NYSE Technology ETF,Information Technology,Large Cap,State Street Global Advisors,USD,PCX
XOP,SPDR S&P Oil & Gas Exploration & Production ETF,Energy,Energy,State Street Global Advisors,USD,PCX
XOUT,GraniteShares XOUT U.S. Large Cap ETF,Alternatives,Large Cap,Graniteshares,USD,PCX
XPH,SPDR S&P Pharmaceuticals ETF,Health Care,Developed Markets,State Street Global Advisors,USD,PCX
XPP,ProShares Ultra FTSE China 50,Financials,Trading,ProShares,USD,PCX
XRT,SPDR S&P Retail ETF,Consumer Discretionary,Consumer Discretionary,State Street Global Advisors,USD,PCX
XSD,SPDR S&P Semiconductor ETF,Information Technology,Technology,State Street Global Advisors,USD,PCX
XSLV,Invesco S&P SmallCap Low Volatility ETF,Financials,Small Cap,Invesco Investment Management,USD,PCX
XSMO,Invesco S&P SmallCap Momentum ETF,Financials,Small Cap,Invesco Investment Management,USD,PCX
XSOE,WisdomTree Emerging Markets ex-State-Owned Enterprises Fund,Alternatives,Emerging Markets,WisdomTree Asset Management,USD,PCX
XSVM,Invesco S&P SmallCap Value with Momentum ETF,Financials,Small Cap,Invesco Investment Management,USD,PCX
XSW,SPDR S&P Software & Services ETF,Information Technology,Small Cap,State Street Global Advisors,USD,PCX
XT,iShares Exponential Technologies ETF,Information Technology,Developed Markets,BlackRock Asset Management,USD,NGM
XTL,SPDR S&P Telecom ETF,Communication Services,Developed Markets,State Street Global Advisors,USD,PCX
XTN,SPDR S&P Transportation ETF,Industrials,Developed Markets,State Street Global Advisors,USD,PCX
XVOL,Acruence Active Hedge U.S. Equity ETF,Alternatives,Factors,Acruence,USD,PCX
XWEB,SPDR S&P Internet ETF,Information Technology,Technology,State Street Global Advisors,USD,PCX
XYLD,Global X S&P 500 Covered Call ETF,Alternatives,Blend,Global X Funds,USD,PCX
XYLG,Global X S&P 500 Covered Call & Growth ETF,Alternatives,Blend,Global X Funds,USD,PCX
YANG,Direxion Daily FTSE China Bear 3X Shares,Derivatives,Trading,Direxion Funds,USD,PCX
YCL,ProShares Ultra Yen,Currencies,Trading,ProShares,USD,PCX
YCS,ProShares UltraShort Yen,Currencies,Trading,ProShares,USD,PCX
YINN,Direxion Daily FTSE China Bull 3X Shares,Derivatives,Emerging Markets,Direxion Funds,USD,PCX
YLD,Principal Active Income ETF,Fixed Income,High Yield Bonds,Principal Funds,USD,PCX
YLDE,ClearBridge Dividend Strategy ESG ETF,Financials,Value,ClearShares,USD,NGM
YOLO,AdvisorShares Pure Cannabis ETF,Health Care,Uncategorized,AdvisorShares,USD,PCX
YXI,ProShares Short FTSE China 50,Derivatives,Emerging Markets,ProShares,USD,PCX
YYY,Amplify High Income ETF,Financials,Factors,Amplify ETFs,USD,PCX
ZCAN,SPDR Solactive Canada ETF,Equities,Large Cap,State Street Global Advisors,USD,PCX
ZDEU,SPDR Solactive Germany ETF,Equities,Large Cap,State Street Global Advisors,USD,PCX
ZHOK,SPDR Solactive Hong Kong ETF,Equities,Developed Markets,State Street Global Advisors,USD,PCX
ZIG,The Acquirers Fund ETF,Equities,Large Cap,Acquirers Funds,USD,PCX
ZJPN,SPDR Solactive Japan ETF,Fixed Income,Developed Markets,State Street Global Advisors,USD,PCX
ZROZ,PIMCO 25+ Year Zero Coupon U.S. Treasury Index Exchange-Traded Fund,Fixed Income,Treasury Bonds,PIMCO Global Advisors,USD,PCX
ZSL,ProShares UltraShort Silver,Commodities,Uncategorized,ProShares,USD,PCX
